#VRML V2.0 utf8
# 3D model generated by easyeda2kicad.py (https://github.com/uPesy/easyeda2kicad.py)

Shape{
    appearance Appearance {
        material  Material 	{
            diffuseColor 0.25098039215686274 0.25098039215686274 0.25098039215686274
            specularColor 0.12549019607843137 0.12549019607843137 0.12549019607843137
            ambientIntensity 0.251
            transparency 0.0
            shininess 0.5
        }
    }
    geometry IndexedFaceSet {
        ccw TRUE
        solid FALSE
        coord DEF co Coordinate {
            point [
                -1.6339 0.187 0.1378, -1.6339 0.2362 0.1378, -0.6299 0.187 0.1378, -0.5512 0.2362 0.1378, -0.6299 -0.187 0.1378, -0.5512 -0.2363 0.1378, -1.6339 -0.187 0.1378, -1.6339 -0.2363 0.1378, 1.6338 -0.187 0.1378, 1.6338 -0.2363 0.1378, 0.6299 -0.187 0.1378, 0.5512 -0.2363 0.1378, 0.6299 0.187 0.1378, 0.5512 0.2362 0.1378, 1.6338 0.187 0.1378, 1.6338 0.2362 0.1378
            ]
        }
        coordIndex [
            0,1,2,-1,2,1,3,-1,2,3,4,-1,4,3,5,-1,4,5,6,-1,6,5,7,-1,8,9,10,-1,10,9,11,-1,10,11,12,-1,12,11,13,-1,12,13,14,-1,14,13,15,-1,
        ]
    }
}
Shape{
    appearance Appearance {
        material  Material 	{
            diffuseColor 1.0 1.0 1.0
            specularColor 0.5019607843137255 0.5019607843137255 0.5019607843137255
            ambientIntensity 1.0
            transparency 0.0
            shininess 0.5
        }
    }
    geometry IndexedFaceSet {
        ccw TRUE
        solid FALSE
        coord DEF co Coordinate {
            point [
                1.5728 0.0785 0.782, 1.5748 -0.0 0.2559, 1.5595 0.2191 0.2559, 1.5122 0.4335 0.782, 1.5261 0.3886 0.782, 1.5138 0.434 0.2559, 1.5572 0.2347 0.782, 1.5588 0.2191 0.782, 1.4798 0.5386 0.782, 1.4386 0.6405 0.2559, 1.4371 0.6399 0.782, 1.4188 0.6832 0.782, 1.3355 0.8345 0.2559, 1.3438 0.8211 0.782, 1.2064 1.0122 0.2559, 1.2553 0.9508 0.782, 1.3349 0.8341 0.782, 1.0537 1.1703 0.2559, 1.1544 1.0711 0.782, 1.2049 1.011 0.782, 0.8797 1.3041 0.782, 0.9193 1.2786 0.782, 0.8806 1.3055 0.2559, 1.042 1.1807 0.782, 1.0532 1.1698 0.782, 0.7874 1.3638 0.782, 0.6903 1.4154 0.2559, 0.6896 1.4139 0.782, 0.6477 1.4354 0.782, 0.4866 1.4977 0.2559, 0.5015 1.4928 0.782, 0.2735 1.5508 0.2559, 0.3504 1.5353 0.782, 0.4864 1.497 0.782, 0.0549 1.5738 0.2559, 0.1958 1.5625 0.782, 0.2731 1.5489 0.782, -0.1644 1.5645 0.782, -0.1177 1.5704 0.782, -0.1646 1.5661 0.2559, 0.0393 1.5743 0.782, 0.0549 1.5731 0.782, -0.2735 1.5508 0.782, -0.381 1.528 0.2559, -0.3806 1.5264 0.782, -0.4265 1.5159 0.782, -0.5899 1.4601 0.2559, -0.5754 1.4659 0.782, -0.7874 1.3638 0.2559, -0.7185 1.4013 0.782, -0.5897 1.4594 0.782, -0.9696 1.2409 0.2559, -0.8544 1.3228 0.782, -0.7864 1.3621 0.782, -1.1316 1.0928 0.782, -1.0996 1.1273 0.782, -1.1328 1.0939 0.2559, -0.9819 1.2312 0.782, -0.9691 1.2403 0.782, -1.2064 1.0122 0.782, -1.2741 0.9256 0.2559, -1.2727 0.9246 0.782, -1.3012 0.8871 0.782, -1.3905 0.7393 0.2559, -1.383 0.7531 0.782, -1.4798 0.5386 0.2559, -1.4512 0.6117 0.782, -1.3898 0.739 0.782, -1.5404 0.3274 0.2559, -1.5048 0.4641 0.782, -1.478 0.5379 0.782, -1.5693 0.1097 0.782, -1.567 0.1568 0.782, -1.571 0.1098 0.2559, -1.5436 0.312 0.782, -1.5397 0.3272 0.782, -1.5748 -0.0 0.782, -1.5748 -0.0 0.2559, -1.5693 -0.1098 0.782, -1.571 -0.1099 0.2559, -1.567 -0.1568 0.782, -1.5404 -0.3275 0.2559, -1.5436 -0.3121 0.782, -1.4798 -0.5387 0.2559, -1.5048 -0.4642 0.782, -1.5397 -0.3273 0.782, -1.3905 -0.7394 0.2559, -1.4512 -0.6117 0.782, -1.478 -0.538 0.782, -1.2727 -0.9247 0.782, -1.3012 -0.8872 0.782, -1.2741 -0.9257 0.2559, -1.383 -0.7532 0.782, -1.3898 -0.7391 0.782, -1.2064 -1.0123 0.782, -1.1328 -1.094 0.2559, -1.1316 -1.0929 0.782, -1.0996 -1.1274 0.782, -0.9696 -1.241 0.2559, -0.9819 -1.2313 0.782, -0.7874 -1.3639 0.2559, -0.8544 -1.3229 0.782, -0.9691 -1.2404 0.782, -0.5899 -1.4602 0.2559, -0.7185 -1.4014 0.782, -0.7864 -1.3622 0.782, -0.3806 -1.5265 0.782, -0.4265 -1.516 0.782, -0.381 -1.5281 0.2559, -0.5754 -1.466 0.782, -0.5897 -1.4595 0.782, -0.2735 -1.5509 0.782, -0.1646 -1.5662 0.2559, -0.1644 -1.5646 0.782, -0.1177 -1.5704 0.782, 0.0549 -1.5739 0.2559, 0.0393 -1.5744 0.782, 0.2735 -1.5509 0.2559, 0.1958 -1.5626 0.782, 0.0549 -1.5732 0.782, 0.4866 -1.4978 0.2559, 0.3504 -1.5354 0.782, 0.2731 -1.549 0.782, 0.6896 -1.414 0.782, 0.6477 -1.4355 0.782, 0.6903 -1.4155 0.2559, 0.5015 -1.4928 0.782, 0.4864 -1.4971 0.782, 0.7874 -1.3639 0.782, 0.8806 -1.3056 0.2559, 0.8797 -1.3042 0.782, 0.9193 -1.2787 0.782, 1.0537 -1.1703 0.2559, 1.042 -1.1808 0.782, 1.2064 -1.0123 0.2559, 1.1544 -1.0712 0.782, 1.0532 -1.1698 0.782, 1.3355 -0.8346 0.2559, 1.2553 -0.9509 0.782, 1.2049 -1.011 0.782, 1.4371 -0.6399 0.782, 1.4188 -0.6833 0.782, 1.4386 -0.6406 0.2559, 1.3438 -0.8212 0.782, 1.3349 -0.8342 0.782, 1.4798 -0.5387 0.782, 1.5138 -0.4341 0.2559, 1.5122 -0.4336 0.782, 1.5261 -0.3886 0.782, 1.5595 -0.2192 0.2559, 1.5572 -0.2348 0.782, 1.5728 -0.0 0.782, 1.5728 -0.0785 0.782, 1.5588 -0.2191 0.782
            ]
        }
        coordIndex [
            0,1,2,-1,3,4,5,-1,5,4,6,-1,5,6,2,-1,2,6,7,-1,2,7,0,-1,3,5,8,-1,8,5,9,-1,8,9,10,-1,10,9,11,-1,11,9,12,-1,11,12,13,-1,14,15,12,-1,12,15,16,-1,12,16,13,-1,17,18,14,-1,14,18,19,-1,14,19,15,-1,20,21,22,-1,22,21,23,-1,22,23,17,-1,17,23,24,-1,17,24,18,-1,20,22,25,-1,25,22,26,-1,25,26,27,-1,27,26,28,-1,28,26,29,-1,28,29,30,-1,31,32,29,-1,29,32,33,-1,29,33,30,-1,34,35,31,-1,31,35,36,-1,31,36,32,-1,37,38,39,-1,39,38,40,-1,39,40,34,-1,34,40,41,-1,34,41,35,-1,37,39,42,-1,42,39,43,-1,42,43,44,-1,44,43,45,-1,45,43,46,-1,45,46,47,-1,48,49,46,-1,46,49,50,-1,46,50,47,-1,51,52,48,-1,48,52,53,-1,48,53,49,-1,54,55,56,-1,56,55,57,-1,56,57,51,-1,51,57,58,-1,51,58,52,-1,54,56,59,-1,59,56,60,-1,59,60,61,-1,61,60,62,-1,62,60,63,-1,62,63,64,-1,65,66,63,-1,63,66,67,-1,63,67,64,-1,68,69,65,-1,65,69,70,-1,65,70,66,-1,71,72,73,-1,73,72,74,-1,73,74,68,-1,68,74,75,-1,68,75,69,-1,71,73,76,-1,76,73,77,-1,76,77,78,-1,78,77,79,-1,78,79,80,-1,80,79,81,-1,80,81,82,-1,83,84,81,-1,81,84,85,-1,81,85,82,-1,86,87,83,-1,83,87,88,-1,83,88,84,-1,89,90,91,-1,91,90,92,-1,91,92,86,-1,86,92,93,-1,86,93,87,-1,89,91,94,-1,94,91,95,-1,94,95,96,-1,96,95,97,-1,97,95,98,-1,97,98,99,-1,100,101,98,-1,98,101,102,-1,98,102,99,-1,103,104,100,-1,100,104,105,-1,100,105,101,-1,106,107,108,-1,108,107,109,-1,108,109,103,-1,103,109,110,-1,103,110,104,-1,106,108,111,-1,111,108,112,-1,111,112,113,-1,113,112,114,-1,114,112,115,-1,114,115,116,-1,117,118,115,-1,115,118,119,-1,115,119,116,-1,120,121,117,-1,117,121,122,-1,117,122,118,-1,123,124,125,-1,125,124,126,-1,125,126,120,-1,120,126,127,-1,120,127,121,-1,123,125,128,-1,128,125,129,-1,128,129,130,-1,130,129,131,-1,131,129,132,-1,131,132,133,-1,134,135,132,-1,132,135,136,-1,132,136,133,-1,137,138,134,-1,134,138,139,-1,134,139,135,-1,140,141,142,-1,142,141,143,-1,142,143,137,-1,137,143,144,-1,137,144,138,-1,140,142,145,-1,145,142,146,-1,145,146,147,-1,147,146,148,-1,148,146,149,-1,148,149,150,-1,0,151,1,-1,1,151,152,-1,1,152,149,-1,149,152,153,-1,149,153,150,-1,
        ]
    }
}
Shape{
    appearance Appearance {
        material  Material 	{
            diffuseColor 0.25098039215686274 0.25098039215686274 0.25098039215686274
            specularColor 0.12549019607843137 0.12549019607843137 0.12549019607843137
            ambientIntensity 0.251
            transparency 0.0
            shininess 0.5
        }
    }
    geometry IndexedFaceSet {
        ccw TRUE
        solid FALSE
        coord DEF co Coordinate {
            point [
                -0.4921 -1.6339 0.6496, -0.4921 -1.5374 0.6496, -1.1221 -1.6339 0.6496, -0.6959 -1.4565 0.6496, -1.5373 -0.4922 0.6496, -1.6339 -0.4922 0.6496, -1.4565 -0.6959 0.6496, -1.6339 -1.1221 0.6496, -1.3488 -0.8868 0.6496, -0.8867 -1.3488 0.6496, -1.0613 -1.2163 0.6496, -1.2163 -1.0613 0.6496, 1.6338 -0.4922 0.6496, 1.5373 -0.4922 0.6496, 1.6338 -1.6339 0.6496, 1.4565 -0.6959 0.6496, 1.3488 -0.8868 0.6496, 1.2162 -1.0613 0.6496, 1.0613 -1.2163 0.6496, 0.4921 -1.5374 0.6496, 0.4921 -1.6339 0.6496, 0.6958 -1.4565 0.6496, 0.8867 -1.3488 0.6496, -1.6339 0.4921 0.6496, -1.5373 0.4921 0.6496, -1.6339 1.122 0.6496, -1.4565 0.6958 0.6496, -1.3488 0.8867 0.6496, -1.2163 1.0612 0.6496, -1.1221 1.6338 0.6496, -1.0613 1.2162 0.6496, -0.4921 1.5373 0.6496, -0.4921 1.6338 0.6496, -0.6959 1.4564 0.6496, -0.8867 1.3488 0.6496, 0.4921 1.6338 0.6496, 0.4921 1.5373 0.6496, 1.6338 1.6338 0.6496, 0.6958 1.4564 0.6496, 0.8867 1.3488 0.6496, 1.0613 1.2162 0.6496, 1.2162 1.0612 0.6496, 1.5373 0.4921 0.6496, 1.6338 0.4921 0.6496, 1.4565 0.6958 0.6496, 1.3488 0.8867 0.6496, -1.5373 -0.4922 0.2559, -1.4565 -0.6959 0.2559, -1.3488 -0.8868 0.2559, -1.2163 -1.0613 0.2559, -1.0613 -1.2163 0.2559, -0.8867 -1.3488 0.2559, -0.6959 -1.4565 0.2559, -0.4921 -1.5374 0.2559, 0.4921 -1.5374 0.2559, 0.6958 -1.4565 0.2559, 0.8867 -1.3488 0.2559, 1.0613 -1.2163 0.2559, 1.2162 -1.0613 0.2559, 1.3488 -0.8868 0.2559, 1.4565 -0.6959 0.2559, 1.5373 -0.4922 0.2559, -0.4921 1.5373 0.2559, -0.6959 1.4564 0.2559, -0.8867 1.3488 0.2559, -1.0613 1.2162 0.2559, -1.2163 1.0612 0.2559, -1.3488 0.8867 0.2559, -1.4565 0.6958 0.2559, -1.5373 0.4921 0.2559, 1.5373 0.4921 0.2559, 1.4565 0.6958 0.2559, 1.3488 0.8867 0.2559, 1.2162 1.0612 0.2559, 1.0613 1.2162 0.2559, 0.8867 1.3488 0.2559, 0.6958 1.4564 0.2559, 0.4921 1.5373 0.2559, -0.4921 -1.6339 0.2559, -1.1221 -1.6339 0.0197, 0.4921 -1.6339 0.2559, 1.6338 -1.6339 0.0197, 0.4921 1.6338 0.2559, -1.1221 1.6338 0.0197, -0.4921 1.6338 0.2559, 1.6338 1.6338 0.0197, -1.6339 1.122 0.0197, -1.6339 0.2362 0.0197, -1.6339 0.2362 0.1378, -1.6339 0.4921 0.2559, -1.6339 -0.2363 0.1378, -1.6339 -0.2363 0.0197, -1.6339 -0.4922 0.2559, -1.6339 -1.1221 0.0197, -1.6339 0.187 0.1378, -1.6339 -0.187 0.1378, 1.6338 -0.4922 0.2559, 1.6338 0.2362 0.1378, 1.6338 0.2362 0.0197, 1.6338 0.4921 0.2559, 1.6338 -0.2363 0.0197, 1.6338 -0.2363 0.1378, 1.6338 -0.187 0.1378, 1.6338 0.187 0.1378, -0.5512 0.2362 0.0197, -0.5512 -0.2363 0.0197, 0.5512 0.2362 0.0197, 0.5512 -0.2363 0.0197, 0.0549 1.5738 0.2559, 0.2735 1.5508 0.2559, 0.4866 1.4977 0.2559, 0.6903 1.4154 0.2559, 0.8806 1.3055 0.2559, 1.0537 1.1703 0.2559, 1.2064 1.0122 0.2559, 1.3355 0.8345 0.2559, 1.4386 0.6405 0.2559, 1.5138 0.434 0.2559, -1.5404 -0.3275 0.2559, -1.571 -0.1099 0.2559, -1.4798 0.5386 0.2559, -1.3905 0.7393 0.2559, -1.2741 0.9256 0.2559, -1.1328 1.0939 0.2559, -0.9696 1.2409 0.2559, -0.7874 1.3638 0.2559, -0.5899 1.4601 0.2559, -0.381 1.528 0.2559, -0.1646 1.5661 0.2559, -1.5748 -0.0 0.2559, -1.571 0.1098 0.2559, -1.5404 0.3274 0.2559, -0.5899 -1.4602 0.2559, -0.7874 -1.3639 0.2559, 0.4866 -1.4978 0.2559, 0.6903 -1.4155 0.2559, 0.8806 -1.3056 0.2559, 1.0537 -1.1703 0.2559, 1.2064 -1.0123 0.2559, 1.3355 -0.8346 0.2559, 1.4386 -0.6406 0.2559, 1.5138 -0.4341 0.2559, 1.5595 -0.2192 0.2559, 1.5748 -0.0 0.2559, 1.5595 0.2191 0.2559, 0.2735 -1.5509 0.2559, 0.0549 -1.5739 0.2559, -0.1646 -1.5662 0.2559, -0.381 -1.5281 0.2559, -0.9696 -1.241 0.2559, -1.1328 -1.094 0.2559, -1.2741 -0.9257 0.2559, -1.3905 -0.7394 0.2559, -1.4798 -0.5387 0.2559
            ]
        }
        coordIndex [
            0,1,2,-1,2,1,3,-1,4,5,6,-1,6,5,7,-1,6,7,8,-1,3,9,2,-1,2,9,10,-1,2,10,7,-1,7,10,11,-1,7,11,8,-1,12,13,14,-1,14,13,15,-1,15,16,14,-1,14,16,17,-1,14,17,18,-1,19,20,21,-1,21,20,14,-1,21,14,22,-1,22,14,18,-1,23,24,25,-1,25,24,26,-1,26,27,25,-1,25,27,28,-1,25,28,29,-1,29,28,30,-1,31,32,33,-1,33,32,29,-1,33,29,34,-1,34,29,30,-1,35,36,37,-1,37,36,38,-1,38,39,37,-1,37,39,40,-1,37,40,41,-1,42,43,44,-1,44,43,37,-1,44,37,45,-1,45,37,41,-1,46,4,47,-1,47,4,6,-1,47,6,48,-1,48,6,8,-1,48,8,49,-1,49,8,11,-1,49,11,50,-1,50,11,10,-1,50,10,51,-1,51,10,9,-1,51,9,52,-1,52,9,3,-1,52,3,53,-1,53,3,1,-1,54,19,55,-1,55,19,21,-1,55,21,56,-1,56,21,22,-1,56,22,57,-1,57,22,18,-1,57,18,58,-1,58,18,17,-1,58,17,59,-1,59,17,16,-1,59,16,60,-1,60,16,15,-1,60,15,61,-1,61,15,13,-1,62,31,63,-1,63,31,33,-1,63,33,64,-1,64,33,34,-1,64,34,65,-1,65,34,30,-1,65,30,66,-1,66,30,28,-1,66,28,67,-1,67,28,27,-1,67,27,68,-1,68,27,26,-1,68,26,69,-1,69,26,24,-1,70,42,71,-1,71,42,44,-1,71,44,72,-1,72,44,45,-1,72,45,73,-1,73,45,41,-1,73,41,74,-1,74,41,40,-1,74,40,75,-1,75,40,39,-1,75,39,76,-1,76,39,38,-1,76,38,77,-1,77,38,36,-1,0,2,78,-1,78,2,79,-1,78,79,80,-1,80,79,81,-1,80,81,20,-1,20,81,14,-1,82,35,37,-1,83,29,32,-1,32,84,83,-1,83,84,82,-1,83,82,85,-1,85,82,37,-1,86,87,88,-1,23,25,89,-1,89,25,86,-1,90,91,92,-1,92,91,93,-1,92,93,5,-1,5,93,7,-1,86,88,89,-1,89,88,94,-1,89,94,92,-1,92,94,95,-1,92,95,90,-1,96,12,14,-1,97,98,99,-1,99,98,85,-1,99,85,43,-1,43,85,37,-1,81,100,14,-1,14,100,101,-1,14,101,96,-1,96,101,102,-1,96,102,99,-1,99,102,103,-1,99,103,97,-1,104,87,86,-1,105,104,106,-1,98,106,85,-1,85,106,104,-1,85,104,83,-1,83,104,86,-1,100,81,107,-1,107,81,79,-1,93,91,79,-1,79,91,105,-1,79,105,107,-1,107,105,106,-1,78,80,54,-1,77,82,108,-1,108,82,84,-1,108,109,77,-1,77,109,110,-1,77,110,76,-1,76,110,111,-1,76,111,75,-1,75,111,112,-1,75,112,74,-1,74,112,113,-1,74,113,73,-1,73,113,114,-1,73,114,72,-1,72,114,115,-1,72,115,71,-1,71,115,116,-1,71,116,70,-1,70,116,117,-1,70,117,99,-1,118,119,46,-1,46,119,89,-1,46,89,92,-1,69,120,68,-1,68,120,121,-1,68,121,67,-1,67,121,122,-1,67,122,66,-1,66,122,123,-1,66,123,65,-1,65,123,124,-1,65,124,64,-1,64,124,125,-1,64,125,63,-1,63,125,126,-1,63,126,62,-1,62,126,127,-1,62,127,84,-1,84,127,128,-1,84,128,108,-1,119,129,89,-1,89,129,130,-1,89,130,69,-1,69,130,131,-1,69,131,120,-1,53,132,52,-1,52,132,133,-1,52,133,51,-1,134,54,135,-1,135,54,55,-1,135,55,136,-1,136,55,56,-1,136,56,137,-1,137,56,57,-1,137,57,138,-1,138,57,58,-1,138,58,139,-1,139,58,59,-1,139,59,140,-1,140,59,60,-1,140,60,141,-1,141,60,61,-1,141,61,142,-1,142,61,96,-1,142,96,143,-1,143,96,99,-1,143,99,144,-1,144,99,117,-1,134,145,54,-1,54,145,146,-1,54,146,78,-1,78,146,147,-1,78,147,53,-1,53,147,148,-1,53,148,132,-1,51,133,50,-1,50,133,149,-1,50,149,49,-1,49,149,150,-1,49,150,48,-1,48,150,151,-1,48,151,47,-1,47,151,152,-1,47,152,46,-1,46,152,153,-1,46,153,118,-1,69,24,89,-1,89,24,23,-1,92,5,46,-1,46,5,4,-1,99,43,70,-1,70,43,42,-1,61,13,96,-1,96,13,12,-1,35,82,36,-1,36,82,77,-1,84,32,62,-1,62,32,31,-1,0,78,1,-1,1,78,53,-1,80,20,54,-1,54,20,19,-1,
        ]
    }
}
Shape{
    appearance Appearance {
        material  Material 	{
            diffuseColor 1.0 1.0 1.0
            specularColor 0.5019607843137255 0.5019607843137255 0.5019607843137255
            ambientIntensity 1.0
            transparency 0.0
            shininess 0.5
        }
    }
    geometry IndexedFaceSet {
        ccw TRUE
        solid FALSE
        coord DEF co Coordinate {
            point [
                -1.5693 -0.1098 0.782, -1.567 -0.1568 0.782, -1.5332 -0.1535 0.8295, -1.478 -0.538 0.782, -1.4512 -0.6117 0.782, -1.4199 -0.5986 0.8295, -0.9691 -1.2404 0.782, -0.8544 -1.3229 0.782, -0.836 -1.2944 0.8295, -0.7864 -1.3622 0.782, -0.7185 -1.4014 0.782, -0.703 -1.3712 0.8295, 0.0549 -1.5732 0.782, 0.1958 -1.5626 0.782, 0.1916 -1.5289 0.8295, 0.2731 -1.549 0.782, 0.3504 -1.5354 0.782, 0.3429 -1.5023 0.8295, 1.0532 -1.1698 0.782, 1.1544 -1.0712 0.782, 1.1295 -1.0481 0.8295, 1.2049 -1.011 0.782, 1.2553 -0.9509 0.782, 1.2283 -0.9304 0.8295, 1.5588 -0.2191 0.782, 1.5728 -0.0785 0.782, 1.5389 -0.0768 0.8295, 1.5728 -0.0 0.782, 1.5728 0.0785 0.782, 1.5389 0.0768 0.8295, 1.3349 0.8341 0.782, 1.2553 0.9508 0.782, 1.2283 0.9303 0.8295, 0.4864 1.497 0.782, 0.3504 1.5353 0.782, 0.3429 1.5022 0.8295, 0.2731 1.5489 0.782, 0.1958 1.5625 0.782, 0.1916 1.5289 0.8295, -0.5897 1.4594 0.782, -0.7185 1.4013 0.782, -0.703 1.3711 0.8295, -0.7864 1.3621 0.782, -0.8544 1.3228 0.782, -0.836 1.2943 0.8295, -1.3898 0.739 0.782, -1.4512 0.6117 0.782, -1.4199 0.5985 0.8295, -1.5397 0.3272 0.782, -1.5436 0.312 0.782, -1.5103 0.3053 0.8295, -1.0759 -1.1031 1.0542, -1.1804 -0.9905 1.0542, -1.1641 -0.9768 0.9998, -1.5397 -0.3273 1.1017, -1.5436 -0.3121 1.1017, -1.5103 -0.3054 1.0542, -1.2727 -0.9247 1.1017, -1.3012 -0.8872 1.1017, -1.2731 -0.868 1.0542, -0.7864 -1.3622 1.1017, -0.8544 -1.3229 1.1017, -0.836 -1.2944 1.0542, -0.4265 -1.516 1.1017, -0.5754 -1.466 1.1017, -0.5629 -1.4344 1.0542, 0.0393 -1.5744 1.1017, -0.1177 -1.5704 1.1017, -0.1152 -1.5366 1.0542, 0.2731 -1.549 1.1017, 0.1958 -1.5626 1.1017, 0.1916 -1.5289 1.0542, 0.6477 -1.4355 1.1017, 0.5015 -1.4928 1.1017, 0.4907 -1.4607 1.0542, 1.042 -1.1808 1.1017, 0.9193 -1.2787 1.1017, 0.8995 -1.2511 1.0542, 1.2049 -1.011 1.1017, 1.1544 -1.0712 1.1017, 1.1295 -1.0481 1.0542, 1.4188 -0.6833 1.1017, 1.3438 -0.8212 1.1017, 1.3148 -0.8035 1.0542, 1.5572 -0.2348 1.1017, 1.5261 -0.3886 1.1017, 1.4932 -0.3803 1.0542, 1.5728 -0.0 1.1017, 1.5728 -0.0785 1.1017, 1.5389 -0.0768 1.0542, 1.5261 0.3886 1.1017, 1.5572 0.2347 1.1017, 1.5236 0.2296 1.0542, 1.3438 0.8211 1.1017, 1.4188 0.6832 1.1017, 1.3883 0.6685 1.0542, 1.2049 1.011 1.1017, 1.2553 0.9508 1.1017, 1.2283 0.9303 1.0542, 1.0532 1.1698 1.1017, 1.1544 1.0711 1.1017, 1.1295 1.048 1.0542, 0.9193 1.2786 1.1017, 1.042 1.1807 1.1017, 1.0196 1.1553 1.0542, 0.5015 1.4928 1.1017, 0.6477 1.4354 1.1017, 0.6337 1.4045 1.0542, 0.2731 1.5489 1.1017, 0.3504 1.5353 1.1017, 0.3429 1.5022 1.0542, -0.1177 1.5704 1.1017, 0.0393 1.5743 1.1017, 0.0384 1.5403 1.0542, -0.5754 1.4659 1.1017, -0.4265 1.5159 1.1017, -0.4173 1.4832 1.0542, -0.7864 1.3621 1.1017, -0.7185 1.4013 1.1017, -0.703 1.3711 1.0542, -1.0996 1.1273 1.1017, -0.9819 1.2312 1.1017, -0.9607 1.2046 1.0542, -1.383 0.7531 1.1017, -1.3012 0.8871 1.1017, -1.2731 0.868 1.0542, -1.478 0.5379 1.1017, -1.4512 0.6117 1.1017, -1.4199 0.5985 1.0542, -1.5397 0.3272 1.1017, -1.5048 0.4641 1.1017, -1.4724 0.4541 1.0542, -1.567 0.1568 1.1017, -1.5436 0.312 1.1017, -1.5103 0.3053 1.0542, -1.5748 -0.0 1.1017, -1.5693 0.1097 1.1017, -1.5332 0.1534 1.0542, -1.3898 0.739 1.1017, -1.3532 0.7369 1.0542, -1.3346 0.7267 0.9998, -1.2064 1.0122 1.1017, -1.1316 1.0928 1.1017, -1.0759 1.103 1.0542, -0.8544 1.3228 1.1017, -0.5897 1.4594 1.1017, -0.5629 1.4343 1.0542, -0.5552 1.4145 0.9998, -0.2735 1.5508 1.1017, -0.1644 1.5645 1.1017, -0.1152 1.5365 1.0542, 0.1958 1.5625 1.1017, 0.4864 1.497 1.1017, 0.4907 1.4606 1.0542, 0.484 1.4404 0.9998, 0.7874 1.3638 1.1017, 0.8797 1.3041 1.1017, 0.8995 1.251 1.0542, 1.3349 0.8341 1.1017, 1.3148 0.8034 1.0542, 1.2967 0.7923 0.9998, 1.4798 0.5386 1.1017, 1.5122 0.4335 1.1017, 1.4932 0.3802 1.0542, 1.5728 0.0785 1.1017, 1.5588 -0.2191 1.1017, 1.5236 -0.2297 1.0542, 1.5026 -0.2265 0.9998, 1.4798 -0.5387 1.1017, 1.4371 -0.6399 1.1017, 1.3883 -0.6686 1.0542, 1.2553 -0.9509 1.1017, 1.0532 -1.1698 1.1017, 1.0196 -1.1553 1.0542, 1.0055 -1.1394 0.9998, 0.7874 -1.3639 1.1017, 0.6896 -1.414 1.1017, 0.6337 -1.4045 1.0542, 0.3504 -1.5354 1.1017, 0.0549 -1.5732 1.1017, 0.0384 -1.5404 1.0542, 0.0379 -1.5192 0.9998, -0.2735 -1.5509 1.1017, -0.3806 -1.5265 1.1017, -0.4173 -1.4833 1.0542, -0.7185 -1.4014 1.1017, -0.9691 -1.2404 1.1017, -0.9607 -1.2047 1.0542, -0.9475 -1.1881 0.9998, -1.2064 -1.0123 1.1017, -1.1316 -1.0929 1.1017, -1.0996 -1.1274 1.1017, -0.9819 -1.2313 1.1017, -1.3532 -0.737 1.0542, -1.383 -0.7532 1.1017, -1.3898 -0.7391 1.1017, -1.4199 -0.5986 1.0542, -1.4512 -0.6117 1.1017, -1.478 -0.538 1.1017, -1.5048 -0.4642 1.1017, -1.4724 -0.4542 1.0542, -1.567 -0.1568 1.1017, -1.5332 -0.1535 1.0542, -1.5693 -0.1098 1.1017, -1.4003 0.5902 0.9998, -1.3282 0.7233 0.9419, -0.9691 1.2403 1.1017, -0.836 1.2943 1.0542, -0.6933 1.3522 0.9998, -0.5525 1.4078 0.9419, 0.0549 1.5731 1.1017, 0.1916 1.5289 1.0542, 0.3381 1.4815 0.9998, 0.4817 1.4336 0.9419, 1.2113 0.9175 0.9998, 1.2905 0.7886 0.9419, 1.5588 0.2191 1.1017, 1.5389 0.0768 1.0542, 1.5177 -0.0758 0.9998, 1.4955 -0.2254 0.9419, 1.3349 -0.8342 1.1017, 1.2283 -0.9304 1.0542, 1.1139 -1.0336 0.9998, 1.0007 -1.134 0.9419, 0.4864 -1.4971 1.1017, 0.3429 -1.5023 1.0542, 0.1889 -1.5079 0.9998, 0.0377 -1.512 0.9419, -0.5897 -1.4595 1.1017, -0.703 -1.3712 1.0542, -0.8245 -1.2766 0.9998, -0.943 -1.1825 0.9419, -1.2496 -0.852 0.9419, -1.2556 -0.8561 0.9998, -1.4521 0.4479 0.9998, -1.3936 0.5874 0.9419, -1.3346 0.7267 0.8839, -0.8245 1.2765 0.9998, -0.69 1.3458 0.9419, -0.5552 1.4145 0.8839, 0.1889 1.5078 0.9998, 0.3365 1.4744 0.9419, 0.484 1.4404 0.8839, 1.1139 1.0336 0.9998, 1.2056 0.9131 0.9419, 1.2967 0.7923 0.8839, 1.5177 0.0757 0.9998, 1.5105 -0.0754 0.9419, 1.5026 -0.2265 0.8839, 1.2113 -0.9176 0.9998, 1.1086 -1.0287 0.9419, 1.0055 -1.1394 0.8839, 0.3381 -1.4816 0.9998, 0.188 -1.5007 0.9419, 0.0379 -1.5192 0.8839, -0.6933 -1.3523 0.9998, -0.8206 -1.2705 0.9419, -0.9475 -1.1881 0.8839, -1.3346 -0.7268 0.8839, -1.3282 -0.7233 0.9419, -1.3346 -0.7268 0.9998, -1.4895 0.3011 0.9998, -1.4452 0.4457 0.9419, -1.4003 0.5902 0.8839, -1.3532 0.7369 0.8295, -1.1641 0.9767 0.8839, -1.2556 0.856 0.8839, -1.2496 0.8519 0.9419, -0.9475 1.188 0.9998, -0.8206 1.2704 0.9419, -0.6933 1.3522 0.8839, -0.5629 1.4343 0.8295, -0.2639 1.4965 0.8839, -0.4116 1.4628 0.8839, -0.4096 1.4558 0.9419, 0.0379 1.5191 0.9998, 0.188 1.5006 0.9419, 0.3381 1.4815 0.8839, 0.4907 1.4606 0.8295, 0.7598 1.316 0.8839, 0.625 1.3851 0.8839, 0.622 1.3785 0.9419, 1.0055 1.1393 0.9998, 1.1086 1.0286 0.9419, 1.2113 0.9175 0.8839, 1.3148 0.8034 0.8295, 1.428 0.5197 0.8839, 1.3691 0.6593 0.8839, 1.3626 0.6562 0.9419, 1.5026 0.2264 0.9998, 1.5105 0.0753 0.9419, 1.5177 -0.0758 0.8839, 1.5236 -0.2297 0.8295, 1.428 -0.5198 0.8839, 1.4726 -0.375 0.8839, 1.4656 -0.3732 0.9419, 1.2967 -0.7924 0.9998, 1.2056 -0.9132 0.9419, 1.1139 -1.0336 0.8839, 1.0196 -1.1553 0.8295, 0.7598 -1.3161 0.8839, 0.8871 -1.2339 0.8839, 0.8828 -1.228 0.9419, 0.484 -1.4405 0.9998, 0.3365 -1.4745 0.9419, 0.1889 -1.5079 0.8839, 0.0384 -1.5404 0.8295, -0.2639 -1.4966 0.8839, -0.1136 -1.5154 0.8839, -0.113 -1.5082 0.9419, -0.5552 -1.4146 0.9998, -0.69 -1.3459 0.9419, -0.8245 -1.2766 0.8839, -0.9607 -1.2047 0.8295, -1.1641 -0.9768 0.8839, -1.0611 -1.0879 0.8839, -1.056 -1.0827 0.9419, -1.4003 -0.5903 0.8839, -1.3936 -0.5875 0.9419, -1.4003 -0.5903 0.9998, -1.5332 0.1534 0.8295, -1.5121 0.1513 0.8839, -1.4724 0.4541 0.8295, -1.4521 0.4479 0.8839, -1.4895 0.3011 0.8839, -1.4824 0.2996 0.9419, -1.5049 0.1505 0.9419, -1.5121 0.1513 0.9998, -1.5196 -0.0 0.9998, -1.5409 -0.0 1.0542, -1.2731 0.868 0.8295, -1.1804 0.9904 0.8295, -1.0759 1.103 0.8295, -0.9691 1.2403 0.782, -0.9819 1.2312 0.782, -0.9607 1.2046 0.8295, -1.0611 1.0878 0.8839, -1.1586 0.9721 0.9419, -1.2556 0.856 0.9998, -0.4173 1.4832 0.8295, -0.2676 1.5174 0.8295, -0.1152 1.5365 0.8295, 0.0549 1.5731 0.782, 0.0393 1.5743 0.782, 0.0384 1.5403 0.8295, -0.1136 1.5153 0.8839, -0.2626 1.4894 0.9419, -0.4116 1.4628 0.9998, 0.6337 1.4045 0.8295, 0.7704 1.3344 0.8295, 0.8995 1.251 0.8295, 1.0532 1.1698 0.782, 1.042 1.1807 0.782, 1.0196 1.1553 0.8295, 0.8871 1.2338 0.8839, 0.7562 1.3097 0.9419, 0.625 1.3851 0.9998, 0.6896 1.4139 1.1017, 0.7704 1.3344 1.0542, 0.7598 1.316 0.9998, 0.8871 1.2338 0.9998, 0.8828 1.2279 0.9419, 1.0007 1.1339 0.9419, 1.0055 1.1393 0.8839, 1.1139 1.0336 0.8839, 1.1295 1.048 0.8295, 1.3883 0.6685 0.8295, 1.4479 0.527 0.8295, 1.4932 0.3802 0.8295, 1.5588 0.2191 0.782, 1.5572 0.2347 0.782, 1.5236 0.2296 0.8295, 1.4726 0.3749 0.8839, 1.4212 0.5172 0.9419, 1.3691 0.6593 0.9998, 1.4932 -0.3803 0.8295, 1.4479 -0.527 0.8295, 1.3883 -0.6686 0.8295, 1.3349 -0.8342 0.782, 1.3438 -0.8212 0.782, 1.3148 -0.8035 0.8295, 1.3691 -0.6594 0.8839, 1.4212 -0.5173 0.9419, 1.4726 -0.375 0.9998, 0.8995 -1.2511 0.8295, 0.7704 -1.3345 0.8295, 0.6337 -1.4045 0.8295, 0.4864 -1.4971 0.782, 0.5015 -1.4928 0.782, 0.4907 -1.4607 0.8295, 0.625 -1.3852 0.8839, 0.7562 -1.3098 0.9419, 0.8871 -1.2339 0.9998, -0.1152 -1.5366 0.8295, -0.2676 -1.5175 0.8295, -0.4173 -1.4833 0.8295, -0.5897 -1.4595 0.782, -0.5754 -1.466 0.782, -0.5629 -1.4344 0.8295, -0.4116 -1.4629 0.8839, -0.2626 -1.4895 0.9419, -0.1136 -1.5154 0.9998, -1.0759 -1.1031 0.8295, -1.1804 -0.9905 0.8295, -1.2731 -0.868 0.8295, -1.3898 -0.7391 0.782, -1.383 -0.7532 0.782, -1.3532 -0.737 0.8295, -1.2556 -0.8561 0.8839, -1.1586 -0.9722 0.9419, -1.0611 -1.0879 0.9998, -1.5124 -0.0 0.9419, -1.5196 -0.0 0.8839, -1.5409 -0.0 0.8295, -1.5693 0.1097 0.782, -1.5748 -0.0 0.782, -1.567 0.1568 0.782, -1.5048 0.4641 0.782, -1.478 0.5379 0.782, -1.383 0.7531 0.782, -1.3012 0.8871 0.782, -1.0996 1.1273 0.782, -1.1316 1.0928 0.782, -1.2064 1.0122 0.782, -1.2727 0.9246 0.782, -0.9475 1.188 0.8839, -1.056 1.0826 0.9419, -1.1641 0.9767 0.9998, -0.8245 1.2765 0.8839, -0.943 1.1824 0.9419, -1.0611 1.0878 0.9998, -1.1804 0.9904 1.0542, -1.2727 0.9246 1.1017, -0.5754 1.4659 0.782, -0.4265 1.5159 0.782, -0.1177 1.5704 0.782, -0.1644 1.5645 0.782, -0.2735 1.5508 0.782, -0.3806 1.5264 0.782, 0.0379 1.5191 0.8839, -0.113 1.5081 0.9419, -0.2639 1.4965 0.9998, 0.1889 1.5078 0.8839, 0.0377 1.5119 0.9419, -0.1136 1.5153 0.9998, -0.2676 1.5174 1.0542, -0.3806 1.5264 1.1017, 0.5015 1.4928 0.782, 0.6477 1.4354 0.782, 0.9193 1.2786 0.782, 0.8797 1.3041 0.782, 0.7874 1.3638 0.782, 0.6896 1.4139 0.782, 1.1544 1.0711 0.782, 1.2049 1.011 0.782, 1.3438 0.8211 0.782, 1.4188 0.6832 0.782, 1.5261 0.3886 0.782, 1.5122 0.4335 0.782, 1.4798 0.5386 0.782, 1.4371 0.6399 0.782, 1.5026 0.2264 0.8839, 1.4656 0.3732 0.9419, 1.428 0.5197 0.9998, 1.5177 0.0757 0.8839, 1.4955 0.2254 0.9419, 1.4726 0.3749 0.9998, 1.4479 0.527 1.0542, 1.4371 0.6399 1.1017, 1.5572 -0.2348 0.782, 1.5261 -0.3886 0.782, 1.4188 -0.6833 0.782, 1.4371 -0.6399 0.782, 1.4798 -0.5387 0.782, 1.5122 -0.4336 0.782, 1.2967 -0.7924 0.8839, 1.3626 -0.6562 0.9419, 1.428 -0.5198 0.9998, 1.2113 -0.9176 0.8839, 1.2905 -0.7887 0.9419, 1.3691 -0.6594 0.9998, 1.4479 -0.527 1.0542, 1.5122 -0.4336 1.1017, 1.042 -1.1808 0.782, 0.9193 -1.2787 0.782, 0.6477 -1.4355 0.782, 0.6896 -1.414 0.782, 0.7874 -1.3639 0.782, 0.8797 -1.3042 0.782, 0.484 -1.4405 0.8839, 0.622 -1.3786 0.9419, 0.7598 -1.3161 0.9998, 0.3381 -1.4816 0.8839, 0.4817 -1.4337 0.9419, 0.625 -1.3852 0.9998, 0.7704 -1.3345 1.0542, 0.8797 -1.3042 1.1017, 0.0393 -1.5744 0.782, -0.1177 -1.5704 0.782, -0.4265 -1.516 0.782, -0.3806 -1.5265 0.782, -0.2735 -1.5509 0.782, -0.1644 -1.5646 0.782, -0.5552 -1.4146 0.8839, -0.4096 -1.4559 0.9419, -0.2639 -1.4966 0.9998, -0.6933 -1.3523 0.8839, -0.5525 -1.4079 0.9419, -0.4116 -1.4629 0.9998, -0.2676 -1.5175 1.0542, -0.1644 -1.5646 1.1017, -0.9819 -1.2313 0.782, -1.0996 -1.1274 0.782, -1.3012 -0.8872 0.782, -1.2727 -0.9247 0.782, -1.2064 -1.0123 0.782, -1.1316 -1.0929 0.782, -1.4521 -0.448 0.9998, -1.4452 -0.4458 0.9419, -1.4521 -0.448 0.8839, -1.4724 -0.4542 0.8295, -1.5048 -0.4642 0.782, -1.5103 -0.3054 0.8295, -1.5436 -0.3121 0.782, -1.5397 -0.3273 0.782, -1.4895 -0.3011 0.9998, -1.4824 -0.2997 0.9419, -1.4895 -0.3011 0.8839, -1.5121 -0.1513 0.9998, -1.5049 -0.1506 0.9419, -1.5121 -0.1513 0.8839, -1.392 0.4293 4.1535, -1.4278 0.2886 4.1535, 0.5991 -1.3278 4.1535, -1.4495 0.145 4.1535, 0.4639 -1.3809 4.1535, 0.0363 1.4562 4.1535, -0.1089 1.4526 4.1535, 0.0363 -1.4563 4.1535, -1.4567 -0.0 4.1535, 0.7099 -1.2721 4.1535, 0.7099 1.272 4.1535, 0.5991 1.3277 4.1535, 0.4639 1.3808 4.1535, -0.253 1.4345 4.1535, -0.3945 1.4022 4.1535, -0.5322 1.356 4.1535, 0.1811 -1.4454 4.1535, 0.3241 -1.4202 4.1535, 0.3241 1.4201 4.1535, 0.1811 1.4453 4.1535, -0.6646 1.2962 4.1535, -0.7903 1.2236 4.1535, -0.9082 1.1388 4.1535, -1.4495 -0.1451 4.1535, -1.4278 -0.2887 4.1535, -1.392 -0.4294 4.1535, -1.0171 1.0428 4.1535, -1.1159 0.9363 4.1535, -1.2036 0.8205 4.1535, -1.2793 0.6966 4.1535, -1.3423 0.5658 4.1535, -1.3423 -0.5659 4.1535, -1.2793 -0.6967 4.1535, -1.2036 -0.8206 4.1535, -1.1159 -0.9364 4.1535, -1.0171 -1.0428 4.1535, -0.9082 -1.1389 4.1535, -0.7903 -1.2237 4.1535, -0.6646 -1.2963 4.1535, -0.5322 -1.356 4.1535, -0.3945 -1.4023 4.1535, -0.253 -1.4346 4.1535, -0.1089 -1.4527 4.1535, 1.4386 -0.6406 2.5686, 1.5572 0.2347 4.0354, 1.5588 0.2191 4.0354, 1.5595 0.2191 2.5686, 1.5136 -0.4348 1.6424, 1.5136 -0.4347 1.6419, 1.5138 -0.4341 1.6401, 1.5734 0.0654 1.5965, 1.5735 0.0647 1.5981, 1.574 0.0497 1.5993, 1.5748 0.0057 1.5865, 1.5748 0.0066 1.5879, 1.5748 0.0094 1.606, 1.5748 0.0078 1.5897, 1.5748 0.0082 1.5901, 1.5748 0.01 1.5917, 1.5748 0.0106 1.5923, 1.5747 0.0126 1.5933, 1.5747 0.0146 1.5944, 1.5747 0.0161 1.5948, 1.5747 0.0147 1.6092, 1.5746 0.0228 1.5965, 1.5747 0.0164 1.6102, 1.5745 0.0312 1.5977, 1.5745 0.0281 1.6129, 1.5746 0.0253 1.6126, 1.5746 0.0232 1.6124, 1.5747 0.0197 1.6113, 1.5743 0.0397 1.5989, 1.5743 0.0395 1.6007, 1.5743 0.0394 1.603, 1.5743 0.0389 1.6047, 1.5743 0.0384 1.6067, 1.5743 0.0382 1.6071, 1.5744 0.0374 1.6086, 1.5744 0.0374 1.6087, 1.5744 0.037 1.609, 1.5744 0.036 1.6102, 1.5744 0.036 1.6102, 1.5744 0.0348 1.6111, 1.5744 0.0343 1.6114, 1.5744 0.0333 1.6118, 1.5745 0.0319 1.6123, 1.5745 0.0312 1.6124, 1.5731 0.0726 1.7696, 1.5707 0.1137 1.7696, 1.5748 0.0002 1.7467, 1.5748 0.0024 1.7516, 1.5748 -0.0 2.5686, 1.5748 0.0031 1.7526, 1.5748 0.0082 1.7592, 1.5747 0.0162 1.7652, 1.5747 0.0187 1.7669, 1.5748 0.0105 1.7613, 1.5748 0.0109 1.7617, 1.5746 0.0218 1.768, 1.5746 0.0268 1.7697, 1.5745 0.0281 1.7699, 1.5743 0.0376 1.771, 1.5743 0.0399 1.7708, 1.5741 0.048 1.7701, 1.574 0.0499 1.7695, 1.5738 0.0566 1.7677, 1.5694 0.1306 1.7696, 1.5673 0.1534 1.7696, 1.5665 0.1616 1.7686, 1.566 0.166 1.768, 1.5656 0.1696 1.7666, 1.5649 0.176 1.7641, 1.5648 0.177 1.7635, 1.5641 0.1835 1.759, 1.5595 0.2191 1.7406, 1.5637 0.1866 1.7558, 1.5637 0.1868 1.7556, 1.5633 0.1902 1.7507, 1.5631 0.1916 1.7486, 1.563 0.1926 1.7457, 1.5726 0.0829 1.7604, 1.5726 0.0829 1.7348, 1.5707 0.1137 1.7604, 1.5708 0.1115 1.7348, 1.5708 0.1115 1.7256, 1.5694 0.1306 1.6895, 1.5746 0.0244 1.7588, 1.5746 0.0223 1.7579, 1.5747 0.0205 1.7564, 1.5747 0.0159 1.7528, 1.5747 0.0152 1.752, 1.5747 0.0128 1.7482, 1.5748 0.0113 1.7459, 1.5748 0.0103 1.7432, 1.5748 0.0086 1.7383, 1.5748 0.0084 1.7371, 1.5748 0.0075 1.7287, 1.5748 0.0075 1.7284, 1.5748 0.0083 1.72, 1.5748 0.0084 1.7196, 1.5748 0.0099 1.7151, 1.5748 0.0108 1.7125, 1.5747 0.012 1.7107, 1.5747 0.0153 1.7058, 1.5747 0.0173 1.704, 1.5747 0.0176 1.7038, 1.5746 0.0214 1.7011, 1.5746 0.0223 1.7005, 1.5746 0.025 1.6994, 1.5746 0.0276 1.6984, 1.5745 0.0292 1.6982, 1.5744 0.0359 1.6974, 1.5743 0.039 1.6975, 1.5742 0.0426 1.6982, 1.574 0.0498 1.6998, 1.5738 0.0566 1.7028, 1.5738 0.0566 1.7569, 1.5744 0.0351 1.7614, 1.5745 0.0289 1.7604, 1.5739 0.0524 1.7584, 1.5741 0.0468 1.7605, 1.5741 0.0457 1.7607, 1.5743 0.0377 1.7616, 1.5744 0.036 1.7616, 1.574 0.0488 1.6994, 1.5745 0.0279 1.7603, 1.5703 0.1183 1.5912, 1.5711 0.1071 1.6197, 1.5717 0.0991 1.6185, 1.5725 0.0856 1.5949, 1.5723 0.0881 1.594, 1.5717 0.0991 1.6087, 1.5722 0.0906 1.5926, 1.5719 0.0951 1.5903, 1.5719 0.096 1.5896, 1.5717 0.0985 1.5875, 1.5717 0.0992 1.5865, 1.5716 0.0999 1.5856, 1.5716 0.1005 1.584, 1.5715 0.1012 1.5823, 1.5715 0.1014 1.5813, 1.571 0.1091 1.5364, 1.571 0.1091 1.5453, 1.5715 0.1019 1.5781, 1.5715 0.1018 1.5772, 1.5715 0.1013 1.5739, 1.5715 0.1013 1.5737, 1.5716 0.1005 1.5716, 1.5716 0.1003 1.571, 1.5716 0.0995 1.5699, 1.5717 0.0986 1.5686, 1.5717 0.098 1.568, 1.5719 0.0954 1.5657, 1.5719 0.0946 1.5652, 1.572 0.0933 1.5645, 1.5722 0.0906 1.5634, 1.5724 0.0875 1.5623, 1.5725 0.0857 1.562, 1.5728 0.0788 1.5612, 1.5729 0.0762 1.5615, 1.5732 0.0709 1.562, 1.5735 0.0633 1.5749, 1.5735 0.0633 1.5645, 1.574 0.0497 1.5625, 1.5733 0.0695 1.5625, 1.5595 0.2191 1.7114, 1.56 0.2153 1.5717, 1.56 0.2153 1.5625, 1.5653 0.1725 1.5625, 1.5702 0.1203 1.5363, 1.5703 0.1192 1.5362, 1.5708 0.1121 1.5358, 1.5705 0.1156 1.5356, 1.5653 0.1725 1.6426, 1.5665 0.1618 1.6197, 1.5677 0.1489 1.5868, 1.5689 0.1359 1.5539, 1.569 0.1352 1.5521, 1.5691 0.1332 1.5487, 1.5694 0.1303 1.5436, 1.5694 0.13 1.5432, 1.5696 0.1279 1.5408, 1.5696 0.1278 1.5407, 1.5698 0.1252 1.5387, 1.5699 0.1241 1.5379, 1.57 0.1222 1.5371, 1.5743 0.0397 1.5714, 1.5743 0.0394 1.5714, 1.5743 0.0397 1.5625, 1.5743 0.0388 1.5704, 1.5745 0.0323 1.5639, 1.5745 0.0316 1.5634, 1.5744 0.037 1.5682, 1.5744 0.035 1.5659, 1.5744 0.0348 1.5657, 1.5745 0.0297 1.5627, 1.5745 0.0278 1.562, 1.5746 0.0266 1.5618, 1.5746 0.0219 1.5612, 1.5747 0.0184 1.5616, 1.5747 0.0171 1.5617, 1.5747 0.0148 1.5625, 1.5747 0.0127 1.5632, 1.5747 0.0117 1.5638, 1.5748 0.0087 1.5657, 1.5748 0.0073 1.5672, 1.5748 0.0071 1.5675, 1.5748 0.0057 1.5696, 1.5748 0.0054 1.5701, 1.5748 0.0048 1.5716, 1.5748 0.0043 1.5732, 1.5748 0.0042 1.5741, 1.5748 0.0038 1.5778, 1.5748 -0.0 1.7103, 1.5748 0.0044 1.5825, 1.5748 0.0094 1.6157, 1.5748 0.0044 1.5828, 1.5748 0.0053 1.5855, 1.5735 0.064 1.5999, 1.5735 0.0639 1.6009, 1.574 0.0488 1.6061, 1.5721 0.0926 1.6202, 1.5748 0.0008 1.7079, 1.5748 0.0116 1.6169, 1.5747 0.0199 1.6199, 1.5748 0.0069 1.6991, 1.5748 0.0061 1.7001, 1.5747 0.0146 1.618, 1.5748 0.0024 1.7056, 1.5747 0.0123 1.6947, 1.5746 0.021 1.62, 1.5747 0.0137 1.6936, 1.5745 0.0291 1.621, 1.5745 0.0324 1.6208, 1.5725 0.0856 1.621, 1.5721 0.0912 1.6206, 1.5744 0.0344 1.6204, 1.5743 0.0384 1.6195, 1.5743 0.0386 1.6194, 1.5743 0.0412 1.6181, 1.5742 0.0419 1.6178, 1.5742 0.0434 1.6166, 1.5742 0.0447 1.6154, 1.5741 0.0466 1.6128, 1.5741 0.0469 1.6124, 1.5735 0.0649 1.6111, 1.5742 0.0451 1.615, 1.5741 0.0479 1.61, 1.5741 0.0485 1.6084, 1.5735 0.0647 1.6105, 1.5735 0.0639 1.6084, 1.5735 0.0634 1.6043, 1.5735 0.0634 1.6049, 1.5735 0.0639 1.6081, 1.5734 0.0666 1.6135, 1.5734 0.0672 1.6141, 1.5732 0.0698 1.6165, 1.573 0.0746 1.6188, 1.5729 0.0774 1.6199, 1.5728 0.0794 1.6202, 1.5732 0.0705 1.6169, 1.5732 0.0716 1.6176, 1.5734 0.0657 1.6123, 1.5708 0.1119 1.5446, 1.5704 0.1179 1.5448, 1.5705 0.1155 1.5443, 1.5706 0.1148 1.5442, 1.5703 0.1185 1.5449, 1.5703 0.1194 1.5454, 1.5702 0.1205 1.5459, 1.5702 0.1207 1.5461, 1.5701 0.1214 1.5466, 1.5701 0.122 1.5474, 1.57 0.1231 1.5486, 1.57 0.1233 1.549, 1.5698 0.1251 1.5523, 1.5695 0.1295 1.5626, 1.5606 0.2112 1.6895, 1.5603 0.2134 1.6426, 1.5675 0.1514 1.6197, 1.5703 0.1183 1.6197, 1.5682 0.1437 1.5982, 1.5698 0.1257 1.5982, 1.5689 0.1359 1.5766, 1.5691 0.1332 1.5767, 1.569 0.1352 1.5743, 1.5691 0.1338 1.5744, 1.569 0.1345 1.572, 1.56 0.215 1.7005, 1.5595 0.2188 1.7114, 1.5603 0.2134 1.6334, 1.5641 0.1828 1.5986, 1.5641 0.1828 1.5717, 1.5606 0.2112 1.5986, 1.5606 0.2112 1.6078, 1.5641 0.1828 1.6078, 1.5641 0.1828 1.6334, 1.5656 0.17 1.6927, 1.5659 0.1671 1.6915, 1.5626 0.1952 1.7268, 1.5627 0.195 1.7239, 1.56 0.215 1.7296, 1.5628 0.1942 1.7412, 1.5627 0.1944 1.7399, 1.5626 0.1955 1.7306, 1.5628 0.1938 1.7184, 1.5629 0.193 1.7153, 1.5621 0.1999 1.6895, 1.5631 0.1916 1.7124, 1.5634 0.1894 1.7079, 1.5634 0.1887 1.707, 1.5641 0.1835 1.7008, 1.5649 0.1763 1.6955, 1.565 0.1757 1.6951, 1.5663 0.163 1.6909, 1.5674 0.1526 1.6895, 1.5726 0.0829 1.7256, 1.5726 0.0829 1.6987, 1.5705 0.1156 1.6987, 1.5705 0.1156 1.6895, 1.5731 0.0726 1.6895, 1.5747 0.0205 1.6903, 1.5746 0.0227 1.6898, 1.5745 0.0285 1.6886, 1.5747 0.0172 1.6919, 1.5739 0.0535 1.6918, 1.5741 0.0464 1.6894, 1.5738 0.0566 1.6929, 1.5741 0.0461 1.6894, 1.5744 0.0344 1.6882, 1.5745 0.0304 1.6884, 1.5717 0.0983 1.6092, 1.5719 0.0949 1.6106, 1.573 0.0747 1.6086, 1.5721 0.0923 1.6117, 1.5721 0.0925 1.6113, 1.5722 0.0902 1.6121, 1.5725 0.0846 1.6129, 1.5726 0.0833 1.6128, 1.5728 0.079 1.6118, 1.5729 0.0767 1.6107, 1.573 0.0754 1.6095, 1.5727 0.0815 1.6124, 1.5728 0.0798 1.6121, 1.573 0.0752 1.6093, 1.573 0.0745 1.6084, 1.573 0.0743 1.608, 1.5731 0.074 1.6073, 1.5731 0.074 1.6072, 1.5731 0.0737 1.6052, 1.5731 0.0738 1.6041, 1.5731 0.074 1.6028, 1.5731 0.074 1.6027, 1.573 0.0743 1.6021, 1.573 0.0744 1.6018, 1.573 0.0747 1.6014, 1.573 0.0759 1.5999, 1.5728 0.0797 1.5976, 1.5728 0.0785 1.5877, 1.573 0.0745 1.5702, 1.5728 0.0798 1.5694, 1.5726 0.0824 1.5695, 1.5726 0.0829 1.5696, 1.5724 0.0859 1.5702, 1.5724 0.0867 1.5703, 1.5724 0.0876 1.5707, 1.5723 0.0879 1.5709, 1.5723 0.0885 1.5714, 1.5722 0.0895 1.5721, 1.5722 0.0897 1.5723, 1.5722 0.0904 1.5731, 1.5722 0.0904 1.5732, 1.5722 0.0908 1.574, 1.5721 0.0912 1.5749, 1.5721 0.0913 1.5753, 1.5721 0.0916 1.5771, 1.5721 0.0912 1.5788, 1.5722 0.0911 1.5793, 1.5722 0.0907 1.5801, 1.5722 0.0903 1.5811, 1.5722 0.09 1.5814, 1.5725 0.0848 1.585, 1.5723 0.089 1.5825, 1.573 0.0752 1.5892, 1.5733 0.0692 1.5719, 1.5731 0.0724 1.5705, 1.5733 0.0687 1.5929, 1.5731 0.0721 1.591, 1.5735 0.064 1.5744, 1.5734 0.0655 1.5735, 1.5733 0.068 1.5935, 1.5734 0.0662 1.5952, 1.5734 0.0659 1.5957, 1.5748 -0.0058 1.5717, 1.5748 -0.0058 1.5625, 1.574 -0.0489 1.5625, 1.574 -0.0489 1.6895, 1.574 -0.0489 1.6426, 1.5748 -0.0067 1.6895, 1.5748 -0.0076 1.6426, 1.5705 -0.1167 1.6572, 1.5706 -0.1144 1.6419, 1.5645 -0.18 1.7348, 1.5655 -0.1705 1.7165, 1.5664 -0.1623 1.7127, 1.5619 -0.201 1.7615, 1.563 -0.1925 1.7516, 1.574 -0.0489 1.7696, 1.5642 -0.1828 1.7404, 1.5674 -0.1523 1.7081, 1.5677 -0.1493 1.7057, 1.5688 -0.1376 1.6962, 1.5688 -0.1368 1.6955, 1.5696 -0.1281 1.684, 1.5698 -0.1252 1.6802, 1.5701 -0.1213 1.6713, 1.5704 -0.1174 1.662, 1.5705 -0.1162 1.627, 1.5705 -0.1168 1.6222, 1.5702 -0.1202 1.6132, 1.57 -0.1233 1.6052, 1.5697 -0.1261 1.6011, 1.569 -0.1354 1.5879, 1.568 -0.1466 1.5781, 1.5677 -0.1489 1.576, 1.5667 -0.159 1.5708, 1.566 -0.1667 1.5668, 1.5654 -0.1715 1.5657, 1.5637 -0.1869 1.5622, 1.5635 -0.1886 1.5622, 1.5743 -0.0385 1.7696, 1.5595 -0.2192 2.5686, 1.5743 -0.0385 1.6987, 1.5748 -0.0067 1.6987, 1.5748 -0.0076 1.6334, 1.5748 -0.0004 1.7112, 1.5748 -0.0021 1.716, 1.5748 -0.0022 1.7175, 1.5748 -0.0032 1.7319, 1.5748 -0.0033 1.7302, 1.5748 -0.0034 1.7281, 1.5748 -0.0018 1.7401, 1.5748 -0.0012 1.7435, 1.5748 -0.0 1.7462, 1.5743 -0.0385 1.5986, 1.5743 -0.0385 1.5717, 1.5748 -0.0099 1.5986, 1.5748 -0.0099 1.6078, 1.5743 -0.0385 1.6078, 1.5743 -0.0385 1.6334, 1.5579 0.2301 1.7696, 1.5562 0.241 1.7696, 1.5138 0.434 2.5686, 1.5538 0.2561 1.7296, 1.5513 0.2711 1.6895, 1.5545 0.252 1.5625, 1.5579 0.2302 1.5625, 1.5335 0.3581 1.5625, 1.5344 0.3542 1.5735, 1.544 0.3101 1.5625, 1.5432 0.3138 1.5735, 1.5354 0.3502 1.5844, 1.5424 0.3176 1.5844, 1.5309 0.3693 1.5625, 1.5462 0.2989 1.5625, 1.5579 0.2302 1.6426, 1.5517 0.2689 1.6396, 1.5505 0.2753 1.6371, 1.5544 0.2528 1.6426, 1.5532 0.2598 1.6895, 1.553 0.2609 1.6416, 1.5523 0.2653 1.641, 1.5504 0.2762 1.6364, 1.5492 0.2826 1.632, 1.5486 0.2858 1.6287, 1.5486 0.286 1.6285, 1.548 0.2892 1.6237, 1.5477 0.2907 1.6215, 1.5475 0.2917 1.6187, 1.5472 0.2933 1.6142, 1.5472 0.2934 1.6129, 1.547 0.2945 1.6036, 1.5539 0.2558 1.7005, 1.5545 0.2518 1.7114, 1.5471 0.2942 1.5998, 1.5471 0.2941 1.5968, 1.5432 0.3138 1.6026, 1.5473 0.2928 1.5914, 1.5475 0.2921 1.5882, 1.5477 0.2907 1.5854, 1.5481 0.2885 1.5809, 1.5483 0.2878 1.58, 1.5492 0.2826 1.5737, 1.5505 0.2755 1.5685, 1.5506 0.2749 1.568, 1.5516 0.2693 1.5657, 1.5521 0.2664 1.5644, 1.5528 0.2624 1.5639, 1.5344 0.3544 1.6026, 1.5401 0.3287 1.6426, 1.5377 0.3395 1.6426, 1.5218 -0.4052 1.7417, 1.5138 -0.4341 2.5686, 1.5194 -0.4141 1.738, 1.5167 -0.4238 1.734, 1.5292 -0.3762 1.7447, 1.531 -0.3689 1.7439, 1.5338 -0.3569 1.758, 1.5232 -0.3996 1.7425, 1.5279 -0.3816 1.745, 1.5367 -0.3445 1.7689, 1.5378 -0.3391 1.7723, 1.5392 -0.333 1.7763, 1.5419 -0.3199 1.7817, 1.5447 -0.3064 1.7873, 1.546 -0.2995 1.7882, 1.5502 -0.2775 1.7911, 1.5531 -0.2602 1.7891, 1.5544 -0.2524 1.7882, 1.5564 -0.2399 1.7837, 1.5583 -0.2275 1.7793, 1.5591 -0.2216 1.7754, 1.5594 -0.2192 1.7737, 1.5065 -0.4587 1.6068, 1.505 -0.4636 1.6192, 1.5039 -0.4673 1.6285, 1.5037 -0.468 1.6343, 1.5029 -0.4704 1.6528, 1.5029 -0.4703 1.6565, 1.503 -0.4703 1.6568, 1.5038 -0.4676 1.6737, 1.5041 -0.4668 1.6792, 1.5053 -0.4627 1.6892, 1.5064 -0.459 1.6982, 1.5116 -0.4418 1.7206, 1.5138 -0.4341 1.7263, 1.5154 -0.4283 1.7307, 1.5074 -0.4556 1.7028, 1.5107 -0.4448 1.7177, 1.5115 -0.4421 1.7203, 1.5633 -0.1903 1.5622, 1.5595 -0.2192 1.5622, 1.5593 -0.2202 1.5622, 1.559 -0.2228 1.5628, 1.5577 -0.2313 1.5675, 1.5577 -0.2317 1.5679, 1.5581 -0.2289 1.5655, 1.5587 -0.2245 1.5632, 1.5585 -0.226 1.5639, 1.5581 -0.2285 1.5651, 1.5574 -0.2333 1.57, 1.5573 -0.234 1.5711, 1.5572 -0.2349 1.573, 1.5571 -0.2357 1.5751, 1.557 -0.2359 1.5762, 1.5569 -0.2365 1.5799, 1.5577 -0.2314 1.5923, 1.5577 -0.2313 1.5924, 1.5538 -0.2562 1.6084, 1.5467 -0.2961 1.5741, 1.5468 -0.2954 1.5816, 1.557 -0.2359 1.5839, 1.5468 -0.2954 1.5873, 1.5467 -0.2964 1.5711, 1.5462 -0.2985 1.5641, 1.5459 -0.3004 1.5581, 1.5433 -0.3135 1.5398, 1.5432 -0.3137 1.5396, 1.5455 -0.3024 1.5548, 1.5446 -0.3069 1.5471, 1.5445 -0.3074 1.5465, 1.5416 -0.3216 1.5337, 1.541 -0.3245 1.5316, 1.5397 -0.3304 1.5291, 1.5385 -0.336 1.5268, 1.5378 -0.3395 1.5263, 1.5352 -0.3512 1.5247, 1.5574 -0.2333 1.5899, 1.5571 -0.2357 1.5849, 1.5572 -0.2348 1.5871, 1.5573 -0.234 1.5889, 1.5581 -0.2289 1.5942, 1.5582 -0.2279 1.595, 1.5594 -0.2192 1.6281, 1.5585 -0.226 1.5958, 1.5588 -0.2239 1.5967, 1.559 -0.2228 1.5969, 1.5336 -0.3579 1.5256, 1.5318 -0.3653 1.5266, 1.5311 -0.3682 1.5278, 1.5288 -0.3777 1.5316, 1.5288 -0.378 1.5317, 1.5268 -0.386 1.5376, 1.5261 -0.3887 1.5396, 1.525 -0.393 1.5449, 1.5238 -0.3975 1.5503, 1.5234 -0.399 1.5535, 1.5222 -0.4037 1.5634, 1.5204 -0.4102 1.5655, 1.5179 -0.4193 1.57, 1.515 -0.4298 1.5752, 1.5138 -0.434 1.579, 1.5138 -0.4341 1.579, 1.5099 -0.4475 1.5907, 1.5071 -0.4568 1.6041, 1.5671 -0.1551 1.6196, 1.5674 -0.1528 1.6251, 1.5598 -0.2168 1.6294, 1.5675 -0.1513 1.6288, 1.5676 -0.1508 1.6326, 1.5677 -0.1495 1.6414, 1.5676 -0.15 1.646, 1.5676 -0.1504 1.6503, 1.5675 -0.1516 1.6539, 1.5662 -0.1641 1.6742, 1.5655 -0.1705 1.679, 1.5673 -0.1537 1.6604, 1.5672 -0.1543 1.6614, 1.5668 -0.1583 1.6677, 1.5667 -0.1591 1.6689, 1.5663 -0.1637 1.674, 1.5653 -0.1723 1.6802, 1.5647 -0.1777 1.6825, 1.5643 -0.1814 1.684, 1.5639 -0.185 1.6846, 1.5628 -0.1937 1.6858, 1.5595 -0.2192 1.6336, 1.5623 -0.1982 1.6858, 1.5619 -0.2015 1.7002, 1.5618 -0.2022 1.7034, 1.5611 -0.2072 1.7134, 1.5606 -0.2111 1.7212, 1.5595 -0.2191 1.5975, 1.56 -0.2157 1.597, 1.5633 -0.1903 1.597, 1.5641 -0.1831 1.5985, 1.5646 -0.1793 1.5992, 1.565 -0.1756 1.601, 1.5656 -0.1696 1.6039, 1.5657 -0.1686 1.6048, 1.5664 -0.1621 1.6103, 1.5665 -0.1612 1.6111, 1.5665 -0.161 1.6114, 1.567 -0.1563 1.6179, 1.5595 -0.2192 1.5975, 1.5571 -0.2355 1.7445, 1.5565 -0.2395 1.7474, 1.5511 -0.2719 1.6397, 1.5539 -0.256 1.7541, 1.553 -0.2609 1.7548, 1.5419 -0.3204 1.6296, 1.5503 -0.277 1.7569, 1.5484 -0.2869 1.7557, 1.5466 -0.2968 1.7544, 1.5458 -0.3009 1.7528, 1.5431 -0.3145 1.7474, 1.543 -0.3149 1.7473, 1.5406 -0.3266 1.7387, 1.5397 -0.3306 1.7357, 1.5384 -0.3367 1.7284, 1.5371 -0.3423 1.7217, 1.5366 -0.3446 1.717, 1.5441 -0.3094 1.6197, 1.5424 -0.3178 1.6273, 1.5551 -0.2481 1.7509, 1.5573 -0.2343 1.6596, 1.5595 -0.2192 1.7306, 1.5587 -0.2243 1.7365, 1.5602 -0.2142 1.7248, 1.5586 -0.2255 1.6445, 1.5149 -0.4302 1.6285, 1.5159 -0.4269 1.6228, 1.5237 -0.398 1.6122, 1.5162 -0.4258 1.6209, 1.5175 -0.4209 1.6156, 1.5189 -0.4159 1.6099, 1.5197 -0.4128 1.6079, 1.5231 -0.4002 1.6076, 1.5223 -0.4031 1.6015, 1.5246 -0.3944 1.6167, 1.5146 -0.4315 1.6323, 1.5287 -0.3782 1.6317, 1.5173 -0.4215 1.6924, 1.5173 -0.4216 1.6923, 1.5157 -0.4273 1.6841, 1.5152 -0.4293 1.6813, 1.5145 -0.4318 1.6751, 1.5138 -0.4341 1.6682, 1.526 -0.3892 1.6233, 1.5138 -0.434 1.6695, 1.5264 -0.3875 1.6246, 1.528 -0.381 1.6295, 1.5213 -0.4069 1.7039, 1.5221 -0.4039 1.7058, 1.5237 -0.3978 1.7077, 1.5193 -0.4145 1.6991, 1.5192 -0.4149 1.6987, 1.5315 -0.3666 1.7087, 1.5307 -0.3701 1.7092, 1.5318 -0.3653 1.6371, 1.528 -0.381 1.7108, 1.5302 -0.3719 1.6343, 1.5262 -0.3882 1.7101, 1.5254 -0.3913 1.7098, 1.5332 -0.3596 1.7058, 1.5326 -0.3619 1.6376, 1.5347 -0.3532 1.7031, 1.5352 -0.3512 1.6391, 1.535 -0.3517 1.7023, 1.5367 -0.3444 1.6386, 1.5367 -0.3442 1.6386, 1.5388 -0.3346 1.6362, 1.5396 -0.3313 1.6354, 1.5408 -0.3256 1.6324, 1.5132 -0.436 1.6539, 1.5137 -0.4344 1.6658, 1.5728 0.0785 4.0354, 1.5261 0.3886 4.0354, 1.4188 0.6832 4.0354, 1.4371 0.6399 4.0354, 1.4386 0.6405 2.5686, 1.4798 0.5386 4.0354, 1.5122 0.4335 4.0354, 1.3438 0.8211 4.0354, 1.3355 0.8345 2.5686, 1.2064 1.0122 2.5686, 1.2553 0.9508 4.0354, 1.3349 0.8341 4.0354, 1.042 1.1807 4.0354, 1.0532 1.1698 4.0354, 1.0537 1.1703 2.5686, 1.1544 1.0711 4.0354, 1.2049 1.011 4.0354, 0.9193 1.2786 4.0354, 0.8806 1.3055 2.5686, 0.6477 1.4354 4.0354, 0.6896 1.4139 4.0354, 0.6903 1.4154 2.5686, 0.7874 1.3638 4.0354, 0.8797 1.3041 4.0354, 0.5015 1.4928 4.0354, 0.4866 1.4977 2.5686, 0.2735 1.5508 2.5686, 0.3504 1.5353 4.0354, 0.4864 1.497 4.0354, 0.0393 1.5743 4.0354, 0.0549 1.5731 4.0354, 0.0549 1.5738 2.5686, 0.1958 1.5625 4.0354, 0.2731 1.5489 4.0354, -0.1177 1.5704 4.0354, -0.1646 1.5661 2.5686, -0.4265 1.5159 4.0354, -0.3806 1.5264 4.0354, -0.381 1.528 2.5686, -0.2735 1.5508 4.0354, -0.1644 1.5645 4.0354, -0.5754 1.4659 4.0354, -0.5899 1.4601 2.5686, -0.7874 1.3638 2.5686, -0.7185 1.4013 4.0354, -0.5897 1.4594 4.0354, -0.9819 1.2312 4.0354, -0.9691 1.2403 4.0354, -0.9696 1.2409 2.5686, -0.8544 1.3228 4.0354, -0.7864 1.3621 4.0354, -1.0996 1.1273 4.0354, -1.1328 1.0939 2.5686, -1.3012 0.8871 4.0354, -1.2727 0.9246 4.0354, -1.2741 0.9256 2.5686, -1.2064 1.0122 4.0354, -1.1316 1.0928 4.0354, -1.383 0.7531 4.0354, -1.3905 0.7393 2.5686, -1.4798 0.5386 2.5686, -1.4512 0.6117 4.0354, -1.3898 0.739 4.0354, -1.5436 0.312 4.0354, -1.5397 0.3272 4.0354, -1.5404 0.3274 2.5686, -1.5048 0.4641 4.0354, -1.478 0.5379 4.0354, -1.567 0.1568 4.0354, -1.571 0.1098 2.5686, -1.567 -0.1568 4.0354, -1.5693 -0.1098 4.0354, -1.571 -0.1099 2.5686, -1.5748 -0.0 4.0354, -1.5693 0.1097 4.0354, -1.5436 -0.3121 4.0354, -1.5404 -0.3275 2.5686, -1.4798 -0.5387 2.5686, -1.5048 -0.4642 4.0354, -1.5397 -0.3273 4.0354, -1.383 -0.7532 4.0354, -1.3898 -0.7391 4.0354, -1.3905 -0.7394 2.5686, -1.4512 -0.6117 4.0354, -1.478 -0.538 4.0354, -1.3012 -0.8872 4.0354, -1.2741 -0.9257 2.5686, -1.0996 -1.1274 4.0354, -1.1316 -1.0929 4.0354, -1.1328 -1.094 2.5686, -1.2064 -1.0123 4.0354, -1.2727 -0.9247 4.0354, -0.9819 -1.2313 4.0354, -0.9696 -1.241 2.5686, -0.7874 -1.3639 2.5686, -0.8544 -1.3229 4.0354, -0.9691 -1.2404 4.0354, -0.5754 -1.466 4.0354, -0.5897 -1.4595 4.0354, -0.5899 -1.4602 2.5686, -0.7185 -1.4014 4.0354, -0.7864 -1.3622 4.0354, -0.4265 -1.516 4.0354, -0.381 -1.5281 2.5686, -0.1177 -1.5704 4.0354, -0.1644 -1.5646 4.0354, -0.1646 -1.5662 2.5686, -0.2735 -1.5509 4.0354, -0.3806 -1.5265 4.0354, 0.0393 -1.5744 4.0354, 0.0549 -1.5739 2.5686, 0.2735 -1.5509 2.5686, 0.1958 -1.5626 4.0354, 0.0549 -1.5732 4.0354, 0.5015 -1.4928 4.0354, 0.4864 -1.4971 4.0354, 0.4866 -1.4978 2.5686, 0.3504 -1.5354 4.0354, 0.2731 -1.549 4.0354, 0.6477 -1.4355 4.0354, 0.6903 -1.4155 2.5686, 0.9193 -1.2787 4.0354, 0.8797 -1.3042 4.0354, 0.8806 -1.3056 2.5686, 0.7874 -1.3639 4.0354, 0.6896 -1.414 4.0354, 1.042 -1.1808 4.0354, 1.0537 -1.1703 2.5686, 1.2064 -1.0123 2.5686, 1.1544 -1.0712 4.0354, 1.0532 -1.1698 4.0354, 1.3438 -0.8212 4.0354, 1.3349 -0.8342 4.0354, 1.3355 -0.8346 2.5686, 1.2553 -0.9509 4.0354, 1.2049 -1.011 4.0354, 1.4188 -0.6833 4.0354, 1.5261 -0.3886 4.0354, 1.5122 -0.4336 4.0354, 1.4798 -0.5387 4.0354, 1.4371 -0.6399 4.0354, 1.5572 -0.2348 4.0354, 1.5728 -0.0 4.0354, 1.5728 -0.0785 4.0354, 1.5588 -0.2191 4.0354
            ]
        }
        coordIndex [
            0,1,2,-1,3,4,5,-1,6,7,8,-1,9,10,11,-1,12,13,14,-1,15,16,17,-1,18,19,20,-1,21,22,23,-1,24,25,26,-1,27,28,29,-1,30,31,32,-1,33,34,35,-1,36,37,38,-1,39,40,41,-1,42,43,44,-1,45,46,47,-1,48,49,50,-1,51,52,53,-1,54,55,56,-1,57,58,59,-1,60,61,62,-1,63,64,65,-1,66,67,68,-1,69,70,71,-1,72,73,74,-1,75,76,77,-1,78,79,80,-1,81,82,83,-1,84,85,86,-1,87,88,89,-1,90,91,92,-1,93,94,95,-1,96,97,98,-1,99,100,101,-1,102,103,104,-1,105,106,107,-1,108,109,110,-1,111,112,113,-1,114,115,116,-1,117,118,119,-1,120,121,122,-1,123,124,125,-1,126,127,128,-1,129,130,131,-1,132,133,134,-1,135,136,137,-1,127,138,128,-1,128,138,139,-1,128,139,140,-1,141,142,143,-1,117,119,144,-1,118,145,119,-1,119,145,146,-1,119,146,147,-1,148,149,150,-1,108,110,151,-1,109,152,110,-1,110,152,153,-1,110,153,154,-1,155,156,157,-1,97,158,98,-1,98,158,159,-1,98,159,160,-1,161,162,163,-1,87,89,164,-1,88,165,89,-1,89,165,166,-1,89,166,167,-1,168,169,170,-1,78,80,171,-1,79,172,80,-1,80,172,173,-1,80,173,174,-1,175,176,177,-1,69,71,178,-1,70,179,71,-1,71,179,180,-1,71,180,181,-1,182,183,184,-1,60,62,185,-1,61,186,62,-1,62,186,187,-1,62,187,188,-1,189,52,190,-1,190,52,51,-1,190,51,191,-1,191,51,192,-1,193,194,195,-1,196,197,198,-1,198,199,200,-1,200,199,54,-1,55,201,202,-1,202,201,203,-1,130,126,131,-1,131,126,128,-1,131,128,204,-1,204,128,140,-1,204,140,205,-1,206,144,207,-1,207,144,119,-1,207,119,208,-1,208,119,147,-1,208,147,209,-1,210,151,211,-1,211,151,110,-1,211,110,212,-1,212,110,154,-1,212,154,213,-1,100,96,101,-1,101,96,98,-1,101,98,214,-1,214,98,160,-1,214,160,215,-1,216,164,217,-1,217,164,89,-1,217,89,218,-1,218,89,167,-1,218,167,219,-1,220,171,221,-1,221,171,80,-1,221,80,222,-1,222,80,174,-1,222,174,223,-1,224,178,225,-1,225,178,71,-1,225,71,226,-1,226,71,181,-1,226,181,227,-1,228,185,229,-1,229,185,62,-1,229,62,230,-1,230,62,188,-1,230,188,231,-1,232,53,233,-1,233,53,52,-1,233,52,59,-1,59,52,189,-1,59,189,57,-1,133,129,134,-1,134,129,131,-1,134,131,234,-1,234,131,204,-1,234,204,235,-1,235,204,205,-1,235,205,236,-1,121,206,122,-1,122,206,207,-1,122,207,237,-1,237,207,208,-1,237,208,238,-1,238,208,209,-1,238,209,239,-1,112,210,113,-1,113,210,211,-1,113,211,240,-1,240,211,212,-1,240,212,241,-1,241,212,213,-1,241,213,242,-1,103,99,104,-1,104,99,101,-1,104,101,243,-1,243,101,214,-1,243,214,244,-1,244,214,215,-1,244,215,245,-1,91,216,92,-1,92,216,217,-1,92,217,246,-1,246,217,218,-1,246,218,247,-1,247,218,219,-1,247,219,248,-1,82,220,83,-1,83,220,221,-1,83,221,249,-1,249,221,222,-1,249,222,250,-1,250,222,223,-1,250,223,251,-1,73,224,74,-1,74,224,225,-1,74,225,252,-1,252,225,226,-1,252,226,253,-1,253,226,227,-1,253,227,254,-1,64,228,65,-1,65,228,229,-1,65,229,255,-1,255,229,230,-1,255,230,256,-1,256,230,231,-1,256,231,257,-1,258,232,259,-1,259,232,233,-1,259,233,260,-1,260,233,59,-1,260,59,193,-1,193,59,58,-1,193,58,194,-1,136,132,137,-1,137,132,134,-1,137,134,261,-1,261,134,234,-1,261,234,262,-1,262,234,235,-1,262,235,263,-1,263,235,236,-1,263,236,264,-1,265,266,267,-1,142,120,143,-1,143,120,122,-1,143,122,268,-1,268,122,237,-1,268,237,269,-1,269,237,238,-1,269,238,270,-1,270,238,239,-1,270,239,271,-1,272,273,274,-1,149,111,150,-1,150,111,113,-1,150,113,275,-1,275,113,240,-1,275,240,276,-1,276,240,241,-1,276,241,277,-1,277,241,242,-1,277,242,278,-1,279,280,281,-1,156,102,157,-1,157,102,104,-1,157,104,282,-1,282,104,243,-1,282,243,283,-1,283,243,244,-1,283,244,284,-1,284,244,245,-1,284,245,285,-1,286,287,288,-1,162,90,163,-1,163,90,92,-1,163,92,289,-1,289,92,246,-1,289,246,290,-1,290,246,247,-1,290,247,291,-1,291,247,248,-1,291,248,292,-1,293,294,295,-1,169,81,170,-1,170,81,83,-1,170,83,296,-1,296,83,249,-1,296,249,297,-1,297,249,250,-1,297,250,298,-1,298,250,251,-1,298,251,299,-1,300,301,302,-1,176,72,177,-1,177,72,74,-1,177,74,303,-1,303,74,252,-1,303,252,304,-1,304,252,253,-1,304,253,305,-1,305,253,254,-1,305,254,306,-1,307,308,309,-1,183,63,184,-1,184,63,65,-1,184,65,310,-1,310,65,255,-1,310,255,311,-1,311,255,256,-1,311,256,312,-1,312,256,257,-1,312,257,313,-1,314,315,316,-1,5,258,317,-1,317,258,259,-1,317,259,318,-1,318,259,260,-1,318,260,319,-1,319,260,193,-1,319,193,196,-1,196,193,195,-1,196,195,197,-1,50,320,321,-1,47,322,323,-1,323,322,324,-1,323,324,325,-1,325,324,326,-1,325,326,327,-1,327,326,328,-1,327,328,329,-1,330,266,331,-1,331,266,265,-1,331,265,332,-1,333,334,335,-1,335,334,332,-1,335,332,336,-1,336,332,265,-1,336,265,337,-1,337,265,267,-1,337,267,338,-1,339,273,340,-1,340,273,272,-1,340,272,341,-1,342,343,344,-1,344,343,341,-1,344,341,345,-1,345,341,272,-1,345,272,346,-1,346,272,274,-1,346,274,347,-1,348,280,349,-1,349,280,279,-1,349,279,350,-1,351,352,353,-1,353,352,350,-1,353,350,354,-1,354,350,279,-1,354,279,355,-1,355,279,281,-1,355,281,356,-1,106,357,107,-1,107,357,358,-1,107,358,359,-1,359,358,360,-1,359,360,361,-1,361,360,362,-1,361,362,363,-1,363,362,364,-1,363,364,365,-1,365,364,32,-1,366,287,367,-1,367,287,286,-1,367,286,368,-1,369,370,371,-1,371,370,368,-1,371,368,372,-1,372,368,286,-1,372,286,373,-1,373,286,288,-1,373,288,374,-1,375,294,376,-1,376,294,293,-1,376,293,377,-1,378,379,380,-1,380,379,377,-1,380,377,381,-1,381,377,293,-1,381,293,382,-1,382,293,295,-1,382,295,383,-1,384,301,385,-1,385,301,300,-1,385,300,386,-1,387,388,389,-1,389,388,386,-1,389,386,390,-1,390,386,300,-1,390,300,391,-1,391,300,302,-1,391,302,392,-1,393,308,394,-1,394,308,307,-1,394,307,395,-1,396,397,398,-1,398,397,395,-1,398,395,399,-1,399,395,307,-1,399,307,400,-1,400,307,309,-1,400,309,401,-1,402,315,403,-1,403,315,314,-1,403,314,404,-1,405,406,407,-1,407,406,404,-1,407,404,408,-1,408,404,314,-1,408,314,409,-1,409,314,316,-1,409,316,410,-1,411,321,412,-1,412,321,320,-1,412,320,413,-1,413,320,414,-1,413,414,415,-1,50,49,320,-1,320,49,416,-1,320,416,414,-1,417,48,322,-1,322,48,50,-1,322,50,324,-1,324,50,321,-1,324,321,326,-1,326,321,411,-1,326,411,328,-1,47,46,322,-1,322,46,418,-1,322,418,417,-1,419,45,264,-1,264,45,47,-1,264,47,263,-1,263,47,323,-1,263,323,262,-1,262,323,325,-1,262,325,261,-1,261,325,327,-1,261,327,137,-1,137,327,329,-1,137,329,135,-1,135,329,203,-1,139,338,140,-1,140,338,267,-1,140,267,205,-1,205,267,266,-1,205,266,236,-1,236,266,330,-1,236,330,264,-1,264,330,420,-1,264,420,419,-1,334,421,332,-1,332,421,422,-1,332,422,331,-1,331,422,423,-1,331,423,330,-1,330,423,424,-1,330,424,420,-1,43,333,44,-1,44,333,335,-1,44,335,425,-1,425,335,336,-1,425,336,426,-1,426,336,337,-1,426,337,427,-1,427,337,338,-1,427,338,125,-1,125,338,139,-1,125,139,123,-1,123,139,138,-1,40,42,41,-1,41,42,44,-1,41,44,428,-1,428,44,425,-1,428,425,429,-1,429,425,426,-1,429,426,430,-1,430,426,427,-1,430,427,431,-1,431,427,125,-1,431,125,432,-1,432,125,124,-1,433,39,271,-1,271,39,41,-1,271,41,270,-1,270,41,428,-1,270,428,269,-1,269,428,429,-1,269,429,268,-1,268,429,430,-1,268,430,143,-1,143,430,431,-1,143,431,141,-1,141,431,432,-1,146,347,147,-1,147,347,274,-1,147,274,209,-1,209,274,273,-1,209,273,239,-1,239,273,339,-1,239,339,271,-1,271,339,434,-1,271,434,433,-1,343,435,341,-1,341,435,436,-1,341,436,340,-1,340,436,437,-1,340,437,339,-1,339,437,438,-1,339,438,434,-1,37,342,38,-1,38,342,344,-1,38,344,439,-1,439,344,345,-1,439,345,440,-1,440,345,346,-1,440,346,441,-1,441,346,347,-1,441,347,116,-1,116,347,146,-1,116,146,114,-1,114,146,145,-1,34,36,35,-1,35,36,38,-1,35,38,442,-1,442,38,439,-1,442,439,443,-1,443,439,440,-1,443,440,444,-1,444,440,441,-1,444,441,445,-1,445,441,116,-1,445,116,446,-1,446,116,115,-1,447,33,278,-1,278,33,35,-1,278,35,277,-1,277,35,442,-1,277,442,276,-1,276,442,443,-1,276,443,275,-1,275,443,444,-1,275,444,150,-1,150,444,445,-1,150,445,148,-1,148,445,446,-1,153,356,154,-1,154,356,281,-1,154,281,213,-1,213,281,280,-1,213,280,242,-1,242,280,348,-1,242,348,278,-1,278,348,448,-1,278,448,447,-1,352,449,350,-1,350,449,450,-1,350,450,349,-1,349,450,451,-1,349,451,348,-1,348,451,452,-1,348,452,448,-1,453,351,365,-1,365,351,353,-1,365,353,363,-1,363,353,354,-1,363,354,361,-1,361,354,355,-1,361,355,359,-1,359,355,356,-1,359,356,107,-1,107,356,153,-1,107,153,105,-1,105,153,152,-1,32,31,365,-1,365,31,454,-1,365,454,453,-1,455,30,285,-1,285,30,32,-1,285,32,284,-1,284,32,364,-1,284,364,283,-1,283,364,362,-1,283,362,282,-1,282,362,360,-1,282,360,157,-1,157,360,358,-1,157,358,155,-1,155,358,357,-1,159,374,160,-1,160,374,288,-1,160,288,215,-1,215,288,287,-1,215,287,245,-1,245,287,366,-1,245,366,285,-1,285,366,456,-1,285,456,455,-1,370,457,368,-1,368,457,458,-1,368,458,367,-1,367,458,459,-1,367,459,366,-1,366,459,460,-1,366,460,456,-1,28,369,29,-1,29,369,371,-1,29,371,461,-1,461,371,372,-1,461,372,462,-1,462,372,373,-1,462,373,463,-1,463,373,374,-1,463,374,95,-1,95,374,159,-1,95,159,93,-1,93,159,158,-1,25,27,26,-1,26,27,29,-1,26,29,464,-1,464,29,461,-1,464,461,465,-1,465,461,462,-1,465,462,466,-1,466,462,463,-1,466,463,467,-1,467,463,95,-1,467,95,468,-1,468,95,94,-1,469,24,292,-1,292,24,26,-1,292,26,291,-1,291,26,464,-1,291,464,290,-1,290,464,465,-1,290,465,289,-1,289,465,466,-1,289,466,163,-1,163,466,467,-1,163,467,161,-1,161,467,468,-1,166,383,167,-1,167,383,295,-1,167,295,219,-1,219,295,294,-1,219,294,248,-1,248,294,375,-1,248,375,292,-1,292,375,470,-1,292,470,469,-1,379,471,377,-1,377,471,472,-1,377,472,376,-1,376,472,473,-1,376,473,375,-1,375,473,474,-1,375,474,470,-1,22,378,23,-1,23,378,380,-1,23,380,475,-1,475,380,381,-1,475,381,476,-1,476,381,382,-1,476,382,477,-1,477,382,383,-1,477,383,86,-1,86,383,166,-1,86,166,84,-1,84,166,165,-1,19,21,20,-1,20,21,23,-1,20,23,478,-1,478,23,475,-1,478,475,479,-1,479,475,476,-1,479,476,480,-1,480,476,477,-1,480,477,481,-1,481,477,86,-1,481,86,482,-1,482,86,85,-1,483,18,299,-1,299,18,20,-1,299,20,298,-1,298,20,478,-1,298,478,297,-1,297,478,479,-1,297,479,296,-1,296,479,480,-1,296,480,170,-1,170,480,481,-1,170,481,168,-1,168,481,482,-1,173,392,174,-1,174,392,302,-1,174,302,223,-1,223,302,301,-1,223,301,251,-1,251,301,384,-1,251,384,299,-1,299,384,484,-1,299,484,483,-1,388,485,386,-1,386,485,486,-1,386,486,385,-1,385,486,487,-1,385,487,384,-1,384,487,488,-1,384,488,484,-1,16,387,17,-1,17,387,389,-1,17,389,489,-1,489,389,390,-1,489,390,490,-1,490,390,391,-1,490,391,491,-1,491,391,392,-1,491,392,77,-1,77,392,173,-1,77,173,75,-1,75,173,172,-1,13,15,14,-1,14,15,17,-1,14,17,492,-1,492,17,489,-1,492,489,493,-1,493,489,490,-1,493,490,494,-1,494,490,491,-1,494,491,495,-1,495,491,77,-1,495,77,496,-1,496,77,76,-1,497,12,306,-1,306,12,14,-1,306,14,305,-1,305,14,492,-1,305,492,304,-1,304,492,493,-1,304,493,303,-1,303,493,494,-1,303,494,177,-1,177,494,495,-1,177,495,175,-1,175,495,496,-1,180,401,181,-1,181,401,309,-1,181,309,227,-1,227,309,308,-1,227,308,254,-1,254,308,393,-1,254,393,306,-1,306,393,498,-1,306,498,497,-1,397,499,395,-1,395,499,500,-1,395,500,394,-1,394,500,501,-1,394,501,393,-1,393,501,502,-1,393,502,498,-1,10,396,11,-1,11,396,398,-1,11,398,503,-1,503,398,399,-1,503,399,504,-1,504,399,400,-1,504,400,505,-1,505,400,401,-1,505,401,68,-1,68,401,180,-1,68,180,66,-1,66,180,179,-1,7,9,8,-1,8,9,11,-1,8,11,506,-1,506,11,503,-1,506,503,507,-1,507,503,504,-1,507,504,508,-1,508,504,505,-1,508,505,509,-1,509,505,68,-1,509,68,510,-1,510,68,67,-1,511,6,313,-1,313,6,8,-1,313,8,312,-1,312,8,506,-1,312,506,311,-1,311,506,507,-1,311,507,310,-1,310,507,508,-1,310,508,184,-1,184,508,509,-1,184,509,182,-1,182,509,510,-1,187,410,188,-1,188,410,316,-1,188,316,231,-1,231,316,315,-1,231,315,257,-1,257,315,402,-1,257,402,313,-1,313,402,512,-1,313,512,511,-1,406,513,404,-1,404,513,514,-1,404,514,403,-1,403,514,515,-1,403,515,402,-1,402,515,516,-1,402,516,512,-1,4,405,5,-1,5,405,407,-1,5,407,258,-1,258,407,408,-1,258,408,232,-1,232,408,409,-1,232,409,53,-1,53,409,410,-1,53,410,51,-1,51,410,187,-1,51,187,192,-1,192,187,186,-1,198,200,196,-1,196,200,517,-1,196,517,319,-1,319,517,518,-1,319,518,318,-1,318,518,519,-1,318,519,317,-1,317,519,520,-1,317,520,5,-1,5,520,521,-1,5,521,3,-1,522,523,524,-1,54,56,200,-1,200,56,525,-1,200,525,517,-1,517,525,526,-1,517,526,518,-1,518,526,527,-1,518,527,519,-1,519,527,522,-1,519,522,520,-1,520,522,524,-1,520,524,521,-1,55,202,56,-1,56,202,528,-1,56,528,525,-1,525,528,529,-1,525,529,526,-1,526,529,530,-1,526,530,527,-1,527,530,2,-1,527,2,522,-1,522,2,1,-1,522,1,523,-1,203,329,202,-1,202,329,328,-1,202,328,528,-1,528,328,411,-1,528,411,529,-1,529,411,412,-1,529,412,530,-1,530,412,413,-1,530,413,2,-1,2,413,415,-1,2,415,0,-1,531,532,533,-1,533,532,534,-1,533,534,535,-1,536,537,533,-1,538,534,539,-1,540,541,533,-1,533,541,542,-1,533,542,543,-1,537,544,533,-1,533,544,545,-1,533,545,546,-1,538,547,534,-1,534,547,548,-1,534,548,535,-1,543,549,533,-1,533,549,550,-1,533,550,536,-1,546,551,533,-1,533,551,552,-1,533,552,553,-1,539,554,538,-1,538,554,555,-1,538,555,556,-1,553,557,533,-1,533,557,558,-1,533,558,559,-1,559,560,533,-1,533,560,561,-1,533,561,531,-1,556,562,538,-1,538,562,563,-1,538,563,564,-1,564,565,538,-1,538,565,566,-1,538,566,567,-1,567,568,538,-1,538,568,569,-1,538,569,570,-1,570,571,538,-1,538,571,572,-1,538,572,573,-1,81,169,574,-1,575,576,577,-1,578,579,580,-1,581,582,583,-1,584,585,586,-1,586,585,587,-1,586,587,588,-1,588,589,586,-1,586,589,590,-1,586,590,591,-1,591,592,586,-1,586,592,593,-1,586,593,594,-1,594,593,595,-1,594,595,596,-1,597,598,595,-1,595,598,599,-1,599,600,595,-1,595,600,601,-1,595,601,596,-1,597,602,603,-1,603,604,597,-1,597,604,605,-1,597,605,606,-1,606,607,597,-1,597,607,608,-1,597,608,609,-1,609,610,597,-1,597,610,611,-1,597,611,612,-1,612,613,597,-1,597,613,614,-1,597,614,615,-1,615,616,597,-1,597,616,617,-1,597,617,598,-1,618,619,577,-1,620,621,622,-1,622,621,623,-1,622,623,624,-1,625,626,622,-1,624,627,622,-1,622,627,628,-1,622,628,625,-1,626,629,622,-1,622,629,630,-1,622,630,631,-1,632,633,577,-1,633,634,577,-1,577,634,635,-1,577,635,618,-1,618,635,636,-1,619,637,577,-1,577,637,638,-1,577,638,639,-1,639,640,577,-1,577,640,641,-1,577,641,642,-1,642,643,577,-1,577,643,644,-1,577,644,645,-1,645,644,646,-1,645,646,647,-1,647,648,645,-1,645,648,649,-1,645,649,650,-1,651,652,653,-1,653,652,654,-1,655,656,654,-1,654,656,637,-1,654,637,653,-1,653,637,619,-1,657,658,659,-1,660,661,659,-1,659,661,662,-1,659,662,657,-1,657,662,663,-1,663,664,657,-1,657,664,665,-1,657,665,666,-1,666,667,657,-1,657,667,668,-1,657,668,669,-1,669,670,657,-1,657,670,671,-1,657,671,672,-1,672,673,657,-1,657,673,674,-1,657,674,675,-1,675,676,657,-1,657,676,677,-1,657,677,678,-1,678,679,657,-1,657,679,680,-1,657,680,681,-1,681,682,657,-1,657,682,683,-1,657,683,684,-1,685,686,687,-1,688,689,685,-1,687,690,685,-1,685,690,691,-1,685,691,692,-1,692,693,685,-1,685,693,694,-1,685,694,688,-1,684,695,657,-1,657,695,685,-1,657,685,696,-1,696,685,689,-1,697,698,699,-1,700,701,702,-1,702,701,703,-1,702,703,704,-1,704,705,702,-1,702,705,706,-1,702,706,707,-1,707,708,702,-1,702,708,709,-1,702,709,710,-1,711,712,713,-1,711,714,712,-1,712,714,715,-1,712,715,716,-1,716,717,712,-1,712,717,718,-1,712,718,719,-1,719,720,712,-1,712,720,721,-1,712,721,722,-1,722,723,712,-1,712,723,724,-1,712,724,725,-1,725,726,712,-1,712,726,727,-1,712,727,728,-1,728,729,712,-1,712,729,730,-1,712,730,731,-1,732,583,733,-1,733,583,734,-1,733,734,735,-1,735,734,731,-1,736,737,738,-1,216,738,739,-1,216,740,164,-1,164,740,741,-1,712,87,742,-1,742,87,164,-1,742,164,743,-1,743,164,741,-1,744,745,739,-1,739,745,746,-1,739,746,747,-1,747,748,739,-1,739,748,749,-1,739,749,750,-1,750,751,739,-1,739,751,752,-1,739,752,753,-1,753,754,739,-1,739,754,755,-1,739,755,216,-1,216,755,756,-1,216,756,740,-1,757,758,759,-1,759,758,760,-1,761,762,87,-1,760,763,759,-1,759,763,764,-1,759,764,765,-1,731,734,712,-1,712,734,759,-1,712,759,87,-1,87,759,765,-1,87,765,761,-1,762,766,87,-1,87,766,767,-1,87,767,768,-1,768,769,87,-1,87,769,770,-1,87,770,771,-1,771,772,87,-1,87,772,773,-1,87,773,774,-1,774,775,87,-1,87,775,776,-1,87,776,777,-1,777,778,87,-1,87,778,779,-1,87,779,780,-1,780,781,87,-1,87,781,782,-1,87,782,783,-1,784,783,785,-1,786,787,586,-1,586,787,788,-1,586,788,584,-1,582,789,583,-1,583,789,790,-1,583,790,791,-1,699,698,792,-1,785,787,784,-1,784,787,786,-1,784,786,793,-1,793,786,794,-1,795,796,797,-1,794,798,793,-1,793,798,795,-1,793,795,799,-1,799,795,797,-1,796,795,800,-1,800,795,801,-1,800,801,802,-1,802,801,803,-1,802,803,804,-1,805,806,802,-1,804,807,802,-1,802,807,808,-1,802,808,805,-1,805,808,809,-1,805,809,810,-1,810,811,805,-1,805,811,812,-1,805,812,813,-1,814,815,816,-1,814,816,817,-1,815,818,816,-1,816,818,819,-1,816,819,820,-1,820,819,821,-1,790,822,791,-1,791,822,823,-1,791,823,819,-1,819,823,824,-1,819,824,821,-1,825,826,813,-1,813,826,827,-1,828,829,813,-1,813,829,830,-1,813,830,805,-1,827,831,813,-1,813,831,832,-1,813,832,828,-1,817,816,813,-1,813,816,833,-1,813,833,825,-1,710,711,702,-1,702,711,713,-1,702,713,699,-1,699,713,834,-1,835,699,836,-1,836,699,834,-1,836,834,837,-1,835,838,699,-1,699,838,839,-1,699,839,840,-1,840,841,699,-1,699,841,842,-1,699,842,843,-1,843,844,699,-1,699,844,845,-1,699,845,697,-1,697,845,846,-1,697,846,847,-1,848,744,849,-1,850,851,852,-1,852,851,853,-1,852,853,854,-1,854,853,855,-1,854,855,856,-1,856,855,857,-1,856,857,858,-1,848,849,859,-1,736,860,859,-1,859,849,736,-1,736,849,861,-1,736,861,737,-1,862,863,864,-1,864,863,737,-1,864,737,865,-1,865,737,861,-1,865,861,866,-1,866,861,867,-1,868,869,698,-1,870,871,872,-1,650,873,645,-1,645,873,874,-1,645,874,872,-1,872,874,875,-1,872,875,870,-1,871,876,872,-1,872,876,877,-1,872,877,878,-1,877,879,878,-1,878,879,880,-1,878,880,881,-1,881,882,878,-1,878,882,883,-1,878,883,884,-1,884,868,878,-1,878,868,698,-1,878,698,848,-1,848,698,851,-1,848,851,744,-1,744,851,850,-1,744,850,745,-1,869,885,698,-1,698,885,886,-1,698,886,656,-1,887,888,655,-1,655,888,889,-1,655,889,656,-1,656,889,890,-1,656,890,698,-1,698,890,891,-1,892,698,893,-1,893,698,894,-1,806,792,802,-1,802,792,698,-1,802,698,895,-1,895,698,892,-1,896,897,891,-1,636,687,618,-1,618,687,686,-1,618,686,891,-1,891,686,898,-1,891,898,896,-1,897,899,891,-1,891,899,900,-1,891,900,698,-1,698,900,901,-1,698,901,894,-1,902,903,904,-1,903,905,906,-1,906,905,907,-1,907,908,909,-1,910,911,912,-1,907,909,906,-1,906,909,913,-1,906,913,903,-1,903,913,914,-1,903,914,910,-1,910,912,903,-1,903,912,915,-1,903,915,904,-1,902,904,702,-1,702,904,916,-1,702,916,917,-1,917,918,702,-1,702,918,919,-1,702,919,920,-1,920,921,702,-1,702,921,922,-1,702,922,923,-1,923,924,702,-1,702,924,925,-1,702,925,926,-1,926,927,702,-1,702,927,928,-1,702,928,700,-1,929,930,931,-1,931,932,929,-1,929,932,933,-1,929,933,934,-1,934,935,929,-1,929,935,936,-1,929,936,937,-1,937,938,929,-1,929,938,939,-1,929,939,940,-1,940,941,929,-1,929,941,942,-1,929,942,943,-1,943,944,929,-1,929,944,945,-1,929,945,946,-1,946,947,929,-1,929,947,948,-1,929,948,949,-1,949,950,929,-1,929,950,951,-1,929,951,952,-1,952,951,953,-1,954,955,929,-1,929,955,956,-1,929,956,930,-1,957,732,958,-1,958,732,959,-1,958,959,954,-1,954,959,960,-1,954,960,955,-1,957,961,732,-1,732,961,962,-1,732,962,583,-1,583,962,963,-1,583,963,581,-1,784,964,965,-1,783,784,87,-1,87,784,965,-1,87,965,88,-1,88,965,966,-1,88,966,165,-1,967,968,969,-1,969,968,970,-1,971,972,967,-1,973,974,975,-1,976,977,978,-1,978,977,979,-1,978,979,973,-1,973,975,978,-1,978,975,980,-1,978,980,981,-1,981,982,978,-1,978,982,983,-1,978,983,984,-1,984,985,978,-1,978,985,986,-1,978,986,967,-1,967,986,987,-1,967,987,971,-1,972,988,967,-1,967,988,989,-1,967,989,990,-1,966,968,165,-1,165,968,967,-1,165,967,991,-1,991,967,990,-1,991,992,165,-1,165,992,993,-1,165,993,994,-1,994,995,165,-1,165,995,996,-1,165,996,997,-1,997,998,165,-1,165,998,999,-1,165,999,1000,-1,1001,622,978,-1,978,622,1002,-1,978,1002,976,-1,1003,1004,784,-1,784,1004,969,-1,784,969,964,-1,964,969,970,-1,964,970,1005,-1,784,1006,1003,-1,1003,1006,1007,-1,1003,1007,1008,-1,1009,1001,1010,-1,1010,1001,1003,-1,1010,1003,1011,-1,1011,1003,1008,-1,1009,1012,1001,-1,1001,1012,1013,-1,1001,1013,622,-1,622,1013,1014,-1,622,1014,620,-1,1015,1016,1017,-1,1017,1016,964,-1,1017,964,1018,-1,1018,964,1005,-1,1018,1005,1019,-1,1019,1005,1020,-1,1021,1022,1023,-1,1023,1022,1024,-1,1023,1024,1025,-1,1026,1027,216,-1,1028,1029,1030,-1,1030,1029,1031,-1,1031,1029,1032,-1,1031,1032,1033,-1,1034,1028,162,-1,162,1028,1030,-1,162,1030,90,-1,90,1030,1035,-1,90,1035,91,-1,738,216,736,-1,736,216,1027,-1,736,1027,1036,-1,1037,1038,1025,-1,1036,1039,1040,-1,1040,1039,1041,-1,1040,1041,1025,-1,1025,1041,1042,-1,1025,1042,1037,-1,1038,1043,1025,-1,1025,1043,1044,-1,1025,1044,1045,-1,1045,1046,1025,-1,1025,1046,1047,-1,1025,1047,1048,-1,1048,1049,1025,-1,1025,1049,1050,-1,1025,1050,1023,-1,1023,1050,1051,-1,1023,1051,1052,-1,1036,1040,736,-1,736,1040,1053,-1,736,1053,1054,-1,1055,1056,1057,-1,1056,1058,1057,-1,1057,1058,1059,-1,1057,1059,1035,-1,1035,1059,1060,-1,1035,1060,1061,-1,1061,1062,1035,-1,1035,1062,1063,-1,1035,1063,1064,-1,1064,1065,1035,-1,1035,1065,1066,-1,1035,1066,1067,-1,216,91,1026,-1,1026,91,1035,-1,1026,1035,1068,-1,1068,1035,1067,-1,1069,1034,1023,-1,1055,1057,1052,-1,1052,1057,1070,-1,1052,1070,1023,-1,1023,1070,1071,-1,1023,1071,1069,-1,1072,1073,1074,-1,1074,1073,1075,-1,1076,1077,1078,-1,1072,1079,1073,-1,1073,1079,1080,-1,1073,1080,1076,-1,1076,1078,1073,-1,1073,1078,1081,-1,1073,1081,1082,-1,1082,1083,1073,-1,1073,1083,1084,-1,1073,1084,1085,-1,1086,1087,1002,-1,1002,1087,1088,-1,1088,1089,1002,-1,1002,1089,1090,-1,1002,1090,1091,-1,1091,1092,1002,-1,1002,1092,1093,-1,1002,1093,976,-1,1094,1095,169,-1,169,1095,1096,-1,169,1096,1097,-1,1097,1098,169,-1,169,1098,1099,-1,169,1099,574,-1,574,1099,1100,-1,574,1100,1101,-1,1101,1102,574,-1,574,1102,1103,-1,574,1103,1104,-1,1105,1106,1073,-1,1073,1106,1107,-1,1073,1107,1075,-1,1104,1108,574,-1,574,1108,1109,-1,574,1109,1073,-1,1073,1109,1110,-1,1073,1110,1105,-1,1000,1111,165,-1,165,1111,1112,-1,165,1112,84,-1,1112,1113,84,-1,84,1113,1114,-1,84,1114,85,-1,1115,1116,482,-1,1115,482,1117,-1,1114,1118,85,-1,85,1118,1119,-1,85,1119,482,-1,482,1119,1120,-1,482,1120,1117,-1,1116,1121,482,-1,482,1121,1122,-1,482,1122,1123,-1,1123,1124,482,-1,482,1124,1125,-1,482,1125,1126,-1,1127,1128,1129,-1,1130,1126,1131,-1,1131,1126,1132,-1,1131,1132,1133,-1,1130,1134,1126,-1,1126,1134,1135,-1,1126,1135,1136,-1,1137,1138,482,-1,1136,1139,1126,-1,1126,1139,1140,-1,1126,1140,482,-1,482,1140,1141,-1,482,1141,1137,-1,1138,1142,482,-1,482,1142,1143,-1,482,1143,1144,-1,1144,1145,482,-1,482,1145,1146,-1,482,1146,1147,-1,1127,1129,1148,-1,1132,1149,1133,-1,1133,1149,1150,-1,1133,1150,1129,-1,1129,1150,1151,-1,1129,1151,1148,-1,1128,1152,1129,-1,1129,1152,1153,-1,1129,1153,1154,-1,1153,1155,1154,-1,1154,1155,1156,-1,1154,1156,1157,-1,1147,1158,482,-1,482,1158,1159,-1,482,1159,1160,-1,1160,1161,482,-1,482,1161,1162,-1,482,1162,1163,-1,1163,1164,482,-1,482,1164,1165,-1,482,1165,1166,-1,1167,1168,1169,-1,1167,1169,1166,-1,1166,1169,482,-1,482,1169,1170,-1,482,1170,1171,-1,1171,1172,482,-1,482,1172,1173,-1,482,1173,168,-1,168,1173,1174,-1,168,1174,169,-1,169,1174,1175,-1,169,1175,1094,-1,1176,1177,1178,-1,1177,1179,1178,-1,1178,1179,1180,-1,1178,1180,1181,-1,1181,1182,1178,-1,1178,1182,1183,-1,1178,1183,1184,-1,1185,1186,1178,-1,1184,1187,1178,-1,1178,1187,1188,-1,1178,1188,1189,-1,1189,1190,1178,-1,1178,1190,1191,-1,1178,1191,1185,-1,1186,1192,1178,-1,1178,1192,1193,-1,1178,1193,1194,-1,1194,1195,1178,-1,1178,1195,1196,-1,1178,1196,1197,-1,1197,1196,1198,-1,1197,1198,1199,-1,1199,1200,1197,-1,1197,1200,1201,-1,1197,1201,1202,-1,1203,1204,1205,-1,1205,1206,1203,-1,1203,1206,1207,-1,1203,1207,1208,-1,1208,1209,1203,-1,1203,1209,1210,-1,1203,1210,1211,-1,1212,1213,1178,-1,1178,1213,1214,-1,1178,1214,1176,-1,1157,1215,1154,-1,1154,1215,1203,-1,1154,1203,1178,-1,1178,1203,1211,-1,1178,1211,1212,-1,1216,1217,1218,-1,1219,1220,1221,-1,1221,1220,1222,-1,1221,1222,1223,-1,1223,1224,1221,-1,1221,1224,1225,-1,1221,1225,1226,-1,1226,1227,1221,-1,1221,1227,1228,-1,1221,1228,1229,-1,1229,1230,1221,-1,1221,1230,1231,-1,1221,1231,1232,-1,1233,1218,1234,-1,1234,1218,1217,-1,1234,1217,1221,-1,1221,1217,1235,-1,1221,1235,1219,-1,1236,1237,1218,-1,1218,1237,1238,-1,1218,1238,1216,-1,1202,1239,1197,-1,1197,1239,1237,-1,1197,1237,1240,-1,1240,1237,1236,-1,1241,1242,1243,-1,1243,1242,1244,-1,1243,1244,1245,-1,1245,1246,1243,-1,1243,1246,1247,-1,1243,1247,1248,-1,1248,1247,1249,-1,1250,580,1243,-1,1243,580,1251,-1,1243,1251,1241,-1,1252,1253,1254,-1,1254,1255,1252,-1,1252,1255,1256,-1,1252,1256,1257,-1,1258,1259,1260,-1,1260,1259,1261,-1,1260,1261,1257,-1,1257,1261,1262,-1,1257,1262,1252,-1,1263,1252,1264,-1,1264,1252,1265,-1,1263,1266,1252,-1,1252,1266,1267,-1,1252,1267,1253,-1,1268,1269,1270,-1,1270,1269,1271,-1,1270,1271,1272,-1,1272,1271,1273,-1,1272,1273,1252,-1,1252,1273,1274,-1,1252,1274,1265,-1,1268,1270,1275,-1,1275,1270,1276,-1,1275,1276,1277,-1,1277,1276,1278,-1,1277,1278,1279,-1,1279,1278,1280,-1,1279,1280,1281,-1,1281,1282,1279,-1,1279,1282,1283,-1,1279,1283,1232,-1,1232,1283,1284,-1,1232,1284,1221,-1,1285,578,1286,-1,1286,578,580,-1,1286,580,1258,-1,1258,580,1250,-1,1258,1250,1259,-1,576,1287,577,-1,577,1287,622,-1,577,622,632,-1,632,622,631,-1,1288,575,1023,-1,1023,575,577,-1,1023,577,1021,-1,1021,577,645,-1,1289,1290,1291,-1,1291,1290,1292,-1,1291,1292,1023,-1,1023,1292,1293,-1,1023,1293,1288,-1,1034,162,1023,-1,1023,162,161,-1,1023,161,1291,-1,1291,161,468,-1,1291,468,94,-1,1294,1289,1295,-1,1295,1289,1291,-1,1295,1291,93,-1,93,1291,94,-1,93,158,1295,-1,1295,158,97,-1,1295,97,1296,-1,1296,1297,1295,-1,1295,1297,1298,-1,1295,1298,1294,-1,1299,1300,1301,-1,1301,1300,1302,-1,1301,1302,1296,-1,1296,1302,1303,-1,1296,1303,1297,-1,97,96,1296,-1,1296,96,100,-1,1296,100,1301,-1,1301,100,99,-1,1301,99,103,-1,1304,1299,1305,-1,1305,1299,1301,-1,1305,1301,102,-1,102,1301,103,-1,1306,1307,1308,-1,1308,1307,1309,-1,1308,1309,1305,-1,1305,1309,1310,-1,1305,1310,1304,-1,102,156,1305,-1,1305,156,155,-1,1305,155,1308,-1,1308,155,357,-1,1308,357,106,-1,1311,1306,1312,-1,1312,1306,1308,-1,1312,1308,105,-1,105,1308,106,-1,105,152,1312,-1,1312,152,109,-1,1312,109,1313,-1,1313,1314,1312,-1,1312,1314,1315,-1,1312,1315,1311,-1,1316,1317,1318,-1,1318,1317,1319,-1,1318,1319,1313,-1,1313,1319,1320,-1,1313,1320,1314,-1,109,108,1313,-1,1313,108,151,-1,1313,151,1318,-1,1318,151,210,-1,1318,210,112,-1,1321,1316,1322,-1,1322,1316,1318,-1,1322,1318,111,-1,111,1318,112,-1,1323,1324,1325,-1,1325,1324,1326,-1,1325,1326,1322,-1,1322,1326,1327,-1,1322,1327,1321,-1,111,149,1322,-1,1322,149,148,-1,1322,148,1325,-1,1325,148,446,-1,1325,446,115,-1,1328,1323,1329,-1,1329,1323,1325,-1,1329,1325,114,-1,114,1325,115,-1,114,145,1329,-1,1329,145,118,-1,1329,118,1330,-1,1330,1331,1329,-1,1329,1331,1332,-1,1329,1332,1328,-1,1333,1334,1335,-1,1335,1334,1336,-1,1335,1336,1330,-1,1330,1336,1337,-1,1330,1337,1331,-1,118,117,1330,-1,1330,117,144,-1,1330,144,1335,-1,1335,144,206,-1,1335,206,121,-1,1338,1333,1339,-1,1339,1333,1335,-1,1339,1335,120,-1,120,1335,121,-1,1340,1341,1342,-1,1342,1341,1343,-1,1342,1343,1339,-1,1339,1343,1344,-1,1339,1344,1338,-1,120,142,1339,-1,1339,142,141,-1,1339,141,1342,-1,1342,141,432,-1,1342,432,124,-1,1345,1340,1346,-1,1346,1340,1342,-1,1346,1342,123,-1,123,1342,124,-1,123,138,1346,-1,1346,138,127,-1,1346,127,1347,-1,1347,1348,1346,-1,1346,1348,1349,-1,1346,1349,1345,-1,1350,1351,1352,-1,1352,1351,1353,-1,1352,1353,1347,-1,1347,1353,1354,-1,1347,1354,1348,-1,127,126,1347,-1,1347,126,130,-1,1347,130,1352,-1,1352,130,129,-1,1352,129,133,-1,1355,1350,1356,-1,1356,1350,1352,-1,1356,1352,132,-1,132,1352,133,-1,1357,1358,1359,-1,1359,1358,1360,-1,1359,1360,1356,-1,1356,1360,1361,-1,1356,1361,1355,-1,132,136,1356,-1,1356,136,135,-1,1356,135,1359,-1,1359,135,203,-1,1359,203,201,-1,1362,1357,1363,-1,1363,1357,1359,-1,1363,1359,55,-1,55,1359,201,-1,55,54,1363,-1,1363,54,199,-1,1363,199,1364,-1,1364,1365,1363,-1,1363,1365,1366,-1,1363,1366,1362,-1,1367,1368,1369,-1,1369,1368,1370,-1,1369,1370,1364,-1,1364,1370,1371,-1,1364,1371,1365,-1,199,198,1364,-1,1364,198,197,-1,1364,197,1369,-1,1369,197,195,-1,1369,195,194,-1,1372,1367,1373,-1,1373,1367,1369,-1,1373,1369,58,-1,58,1369,194,-1,1374,1375,1376,-1,1376,1375,1377,-1,1376,1377,1373,-1,1373,1377,1378,-1,1373,1378,1372,-1,58,57,1373,-1,1373,57,189,-1,1373,189,1376,-1,1376,189,190,-1,1376,190,191,-1,1379,1374,1380,-1,1380,1374,1376,-1,1380,1376,192,-1,192,1376,191,-1,192,186,1380,-1,1380,186,61,-1,1380,61,1381,-1,1381,1382,1380,-1,1380,1382,1383,-1,1380,1383,1379,-1,1384,1385,1386,-1,1386,1385,1387,-1,1386,1387,1381,-1,1381,1387,1388,-1,1381,1388,1382,-1,61,60,1381,-1,1381,60,185,-1,1381,185,1386,-1,1386,185,228,-1,1386,228,64,-1,1389,1384,1390,-1,1390,1384,1386,-1,1390,1386,63,-1,63,1386,64,-1,1391,1392,1393,-1,1393,1392,1394,-1,1393,1394,1390,-1,1390,1394,1395,-1,1390,1395,1389,-1,63,183,1390,-1,1390,183,182,-1,1390,182,1393,-1,1393,182,510,-1,1393,510,67,-1,1396,1391,1397,-1,1397,1391,1393,-1,1397,1393,66,-1,66,1393,67,-1,66,179,1397,-1,1397,179,70,-1,1397,70,1398,-1,1398,1399,1397,-1,1397,1399,1400,-1,1397,1400,1396,-1,1401,1402,1403,-1,1403,1402,1404,-1,1403,1404,1398,-1,1398,1404,1405,-1,1398,1405,1399,-1,70,69,1398,-1,1398,69,178,-1,1398,178,1403,-1,1403,178,224,-1,1403,224,73,-1,1406,1401,1407,-1,1407,1401,1403,-1,1407,1403,72,-1,72,1403,73,-1,1408,1409,1410,-1,1410,1409,1411,-1,1410,1411,1407,-1,1407,1411,1412,-1,1407,1412,1406,-1,72,176,1407,-1,1407,176,175,-1,1407,175,1410,-1,1410,175,496,-1,1410,496,76,-1,1413,1408,1414,-1,1414,1408,1410,-1,1414,1410,75,-1,75,1410,76,-1,75,172,1414,-1,1414,172,79,-1,1414,79,1415,-1,1415,1416,1414,-1,1414,1416,1417,-1,1414,1417,1413,-1,1418,1419,1420,-1,1420,1419,1421,-1,1420,1421,1415,-1,1415,1421,1422,-1,1415,1422,1416,-1,79,78,1415,-1,1415,78,171,-1,1415,171,1420,-1,1420,171,220,-1,1420,220,82,-1,1423,1418,574,-1,574,1418,1420,-1,574,1420,81,-1,81,1420,82,-1,1424,1425,1073,-1,1073,1425,1426,-1,1073,1426,574,-1,574,1426,1427,-1,574,1427,1423,-1,1428,1424,1002,-1,1002,1424,1073,-1,1002,1073,1086,-1,1086,1073,1085,-1,1287,1429,622,-1,622,1429,1430,-1,622,1430,1002,-1,1002,1430,1431,-1,1002,1431,1428,-1,
        ]
    }
}
Shape{
    appearance Appearance {
        material  Material 	{
            diffuseColor 0.25098039215686274 0.25098039215686274 0.25098039215686274
            specularColor 0.12549019607843137 0.12549019607843137 0.12549019607843137
            ambientIntensity 0.251
            transparency 0.0
            shininess 0.5
        }
    }
    geometry IndexedFaceSet {
        ccw TRUE
        solid FALSE
        coord DEF co Coordinate {
            point [
                -1.6339 -1.1221 0.0197, -1.1221 -1.6339 0.0197, -1.6339 -1.1221 0.6496, -1.1221 -1.6339 0.6496, -1.1221 1.6338 0.0197, -1.6339 1.122 0.0197, -1.1221 1.6338 0.6496, -1.6339 1.122 0.6496, -0.5512 -0.2363 0.0197, -1.6339 -0.2363 0.0197, -0.5512 -0.2363 0.1378, -1.6339 -0.2363 0.1378, -0.5512 0.2362 0.1378, -1.6339 0.2362 0.1378, -0.5512 0.2362 0.0197, -1.6339 0.2362 0.0197, 0.5512 -0.2363 0.1378, 1.6338 -0.2363 0.1378, 0.5512 -0.2363 0.0197, 1.6338 -0.2363 0.0197, 0.5512 0.2362 0.0197, 1.6338 0.2362 0.0197, 0.5512 0.2362 0.1378, 1.6338 0.2362 0.1378
            ]
        }
        coordIndex [
            0,1,2,-1,2,1,3,-1,4,5,6,-1,6,5,7,-1,8,9,10,-1,10,9,11,-1,12,13,14,-1,14,13,15,-1,10,12,8,-1,8,12,14,-1,16,17,18,-1,18,17,19,-1,20,21,22,-1,22,21,23,-1,22,16,20,-1,20,16,18,-1,
        ]
    }
}
Shape{
    appearance Appearance {
        material  Material 	{
            diffuseColor 1.0 1.0 1.0
            specularColor 0.5019607843137255 0.5019607843137255 0.5019607843137255
            ambientIntensity 1.0
            transparency 0.0
            shininess 0.5
        }
    }
    geometry IndexedFaceSet {
        ccw TRUE
        solid FALSE
        coord DEF co Coordinate {
            point [
                1.6338 -0.187 0.1378, 1.7913 -0.187 0.1378, 1.6338 0.187 0.1378, 1.7913 0.187 0.1378, 0.6299 -0.187 0.1378, 0.6299 -0.187 0.0, 1.7913 -0.187 0.0, 1.7913 0.187 0.0, 0.6299 0.187 0.0, 0.6299 0.187 0.1378, -1.7913 0.187 0.1378, -1.7913 -0.187 0.1378, -1.6339 0.187 0.1378, -1.6339 -0.187 0.1378, -0.6299 -0.187 0.0, -0.6299 -0.187 0.1378, -1.7913 -0.187 0.0, -0.6299 0.187 0.0, -0.6299 0.187 0.1378, -1.7913 0.187 0.0, -1.5693 -0.1098 4.0354, -1.567 -0.1568 4.0354, -1.563 -0.1564 4.066, -1.5397 -0.3273 4.0354, -1.5048 -0.4642 4.0354, -1.501 -0.463 4.066, -1.3898 -0.7391 4.0354, -1.383 -0.7532 4.0354, -1.3795 -0.7513 4.066, -1.2727 -0.9247 4.0354, -1.2064 -1.0123 4.0354, -1.2033 -1.0097 4.066, -0.9691 -1.2404 4.0354, -0.8544 -1.3229 4.0354, -0.8522 -1.3195 4.066, -0.7864 -1.3622 4.0354, -0.7185 -1.4014 4.0354, -0.7166 -1.3978 4.066, -0.5897 -1.4595 4.0354, -0.5754 -1.466 4.0354, -0.5739 -1.4622 4.066, -0.3806 -1.5265 4.0354, -0.2735 -1.5509 4.0354, -0.2728 -1.547 4.066, 0.0549 -1.5732 4.0354, 0.1958 -1.5626 4.0354, 0.1953 -1.5586 4.066, 0.2731 -1.549 4.0354, 0.3504 -1.5354 4.0354, 0.3495 -1.5314 4.066, 0.4864 -1.4971 4.0354, 0.5015 -1.4928 4.0354, 0.5003 -1.489 4.066, 0.6896 -1.414 4.0354, 0.7874 -1.3639 4.0354, 0.7854 -1.3604 4.066, 1.0532 -1.1698 4.0354, 1.1544 -1.0712 4.0354, 1.1515 -1.0684 4.066, 1.2049 -1.011 4.0354, 1.2553 -0.9509 4.0354, 1.2521 -0.9485 4.066, 1.3349 -0.8342 4.0354, 1.3438 -0.8212 4.0354, 1.3403 -0.8191 4.066, 1.4371 -0.6399 4.0354, 1.4798 -0.5387 4.0354, 1.476 -0.5373 4.066, 1.5588 -0.2191 4.0354, 1.5728 -0.0785 4.0354, 1.5688 -0.0783 4.066, 1.5728 -0.0 4.0354, 1.5728 0.0785 4.0354, 1.5688 0.0783 4.066, 1.5588 0.2191 4.0354, 1.5572 0.2347 4.0354, 1.5532 0.2341 4.066, 1.5122 0.4335 4.0354, 1.4798 0.5386 4.0354, 1.476 0.5372 4.066, 1.3349 0.8341 4.0354, 1.2553 0.9508 4.0354, 1.2521 0.9484 4.066, 1.0532 1.1698 4.0354, 1.042 1.1807 4.0354, 1.0394 1.1777 4.066, 0.8797 1.3041 4.0354, 0.7874 1.3638 4.0354, 0.7854 1.3603 4.066, 0.4864 1.497 4.0354, 0.3504 1.5353 4.0354, 0.3495 1.5314 4.066, 0.2731 1.5489 4.0354, 0.1958 1.5625 4.0354, 0.1953 1.5585 4.066, 0.0549 1.5731 4.0354, 0.0393 1.5743 4.0354, 0.0392 1.5703 4.066, -0.1644 1.5645 4.0354, -0.2735 1.5508 4.0354, -0.2728 1.5469 4.066, -0.5897 1.4594 4.0354, -0.7185 1.4013 4.0354, -0.7166 1.3978 4.066, -0.7864 1.3621 4.0354, -0.8544 1.3228 4.0354, -0.8522 1.3195 4.066, -0.9691 1.2403 4.0354, -0.9819 1.2312 4.0354, -0.9794 1.228 4.066, -1.1316 1.0928 4.0354, -1.2064 1.0122 4.0354, -1.2033 1.0096 4.066, -1.3898 0.739 4.0354, -1.4512 0.6117 4.0354, -1.4474 0.6101 4.066, 0.7099 -1.2721 4.1535, 0.5991 -1.3278 4.1535, 0.6117 -1.3557 4.1495, 0.8813 -1.158 4.1535, 0.8503 -1.1828 4.1535, 0.8682 -1.2076 4.1495, 1.1703 -0.8661 4.1535, 1.1612 -0.8796 4.1535, 1.1855 -0.8981 4.1495, 1.3661 -0.5048 4.1535, 1.3124 -0.6321 4.1535, 1.34 -0.6453 4.1495, 1.4223 -0.3067 4.1535, 1.4116 -0.3595 4.1535, 1.4413 -0.367 4.1495, 1.4518 0.1029 4.1535, 1.4549 0.0726 4.1535, 1.4854 0.0741 4.1495, 1.3661 0.5047 4.1535, 1.3688 0.4982 4.1535, 1.3976 0.5086 4.1495, 1.2799 0.6917 4.1535, 1.3124 0.632 4.1535, 1.34 0.6453 4.1495, 1.0359 1.0219 4.1535, 1.0678 0.9908 4.1535, 1.0902 1.0116 4.1495, 0.7099 1.272 4.1535, 0.7283 1.2615 4.1535, 0.7436 1.288 4.1495, -1.4212 0.4383 4.1495, -1.392 0.4293 4.1535, -1.3423 0.5658 4.1535, -1.4278 0.2886 4.1535, -1.4578 0.2947 4.1495, -1.4857 0.3003 4.1377, 0.5991 1.3277 4.1535, 0.9639 1.0922 4.1535, 1.243 0.7595 4.1535, 1.4404 0.2171 4.1535, 1.4404 -0.2171 4.1535, 1.243 -0.7596 4.1535, 0.9639 -1.0922 4.1535, -1.4495 0.145 4.1535, -1.4799 0.148 4.1495, -1.5082 0.1509 4.1377, -1.5326 0.1533 4.1189, -1.4567 -0.0 4.1535, -1.4873 -0.0 4.1495, -1.5158 -0.0 4.1377, -1.5402 -0.0 4.1189, -1.559 -0.0 4.0945, -1.4495 -0.1451 4.1535, -1.4799 -0.1481 4.1495, -1.5082 -0.151 4.1377, -1.5326 -0.1534 4.1189, -1.5512 -0.1553 4.0945, -1.5512 0.1552 4.0945, -1.563 0.1564 4.066, -1.5708 -0.0 4.066, -1.5396 0.3112 4.066, -1.5281 0.3089 4.0945, -1.5097 0.3051 4.1189, -1.501 0.463 4.066, -1.4366 0.6055 4.0945, -1.4897 0.4595 4.0945, -1.4193 0.5982 4.1189, -1.4718 0.4539 4.1189, -1.3967 0.5887 4.1377, -1.4484 0.4467 4.1377, -1.3705 0.5777 4.1495, -1.2036 0.8205 4.1535, -1.1159 0.9363 4.1535, -1.2288 0.8378 4.1495, -1.1393 0.956 4.1495, -1.2524 0.8538 4.1377, -1.1611 0.9743 4.1377, -1.2726 0.8676 4.1189, -1.1799 0.99 4.1189, -1.2881 0.8782 4.0945, -1.1943 1.0021 4.0945, -1.2978 0.8848 4.066, -0.3945 1.4022 4.1535, -0.253 1.4345 4.1535, -0.4028 1.4316 4.1495, -0.2583 1.4646 4.1495, -0.4105 1.4591 4.1377, -0.2632 1.4927 4.1377, -0.4172 1.4826 4.1189, -0.2675 1.5168 4.1189, -0.4222 1.5007 4.0945, -0.2707 1.5353 4.0945, -0.4254 1.512 4.066, 0.646 1.4317 4.066, 0.7795 1.3501 4.0945, 0.6412 1.421 4.0945, 0.7701 1.3338 4.1189, 0.6335 1.4039 4.1189, 0.7579 1.3126 4.1377, 0.6234 1.3816 4.1377, 0.6117 1.3556 4.1495, 1.1612 0.8795 4.1535, 1.1855 0.898 4.1495, 1.1111 1.0309 4.1377, 1.2082 0.9152 4.1377, 1.129 1.0476 4.1189, 1.2277 0.9299 4.1189, 1.1428 1.0603 4.0945, 1.2427 0.9413 4.0945, 1.1515 1.0684 4.066, 1.3656 0.6576 4.1377, 1.4243 0.5184 4.1377, 1.3877 0.6682 4.1189, 1.4473 0.5267 4.1189, 1.4046 0.6764 4.0945, 1.465 0.5332 4.0945, 1.4152 0.6815 4.066, 1.3688 -0.4983 4.1535, 1.3976 -0.5087 4.1495, 1.4689 -0.3741 4.1377, 1.4243 -0.5185 4.1377, 1.4926 -0.3801 4.1189, 1.4473 -0.5268 4.1189, 1.5108 -0.3847 4.0945, 1.465 -0.5332 4.0945, 1.5222 -0.3876 4.066, 0.7283 -1.2616 4.1535, 0.7436 -1.288 4.1495, 0.8848 -1.2307 4.1377, 0.7579 -1.3127 4.1377, 0.8991 -1.2506 4.1189, 0.7701 -1.3339 4.1189, 0.91 -1.2658 4.0945, 0.7795 -1.3502 4.0945, 0.9169 -1.2754 4.066, -0.1089 -1.4527 4.1535, -0.253 -1.4346 4.1535, -0.1112 -1.4831 4.1495, -0.2583 -1.4647 4.1495, -0.1133 -1.5115 4.1377, -0.2632 -1.4928 4.1377, -0.1151 -1.5359 4.1189, -0.2675 -1.5169 4.1189, -0.1165 -1.5547 4.0945, -0.2707 -1.5353 4.0945, -0.1174 -1.5664 4.066, -1.0171 -1.0428 4.1535, -1.1159 -0.9364 4.1535, -1.0385 -1.0647 4.1495, -1.1393 -0.956 4.1495, -1.0584 -1.0851 4.1377, -1.1611 -0.9743 4.1377, -1.0754 -1.1026 4.1189, -1.1799 -0.9901 4.1189, -1.0885 -1.1161 4.0945, -1.1943 -1.0021 4.0945, -1.0968 -1.1245 4.066, -1.3423 -0.5659 4.1535, -1.392 -0.4294 4.1535, -1.3705 -0.5777 4.1495, -1.4212 -0.4384 4.1495, -1.3967 -0.5888 4.1377, -1.4484 -0.4468 4.1377, -1.4193 -0.5983 4.1189, -1.4718 -0.454 4.1189, -1.4366 -0.6056 4.0945, -1.4897 -0.4596 4.0945, -1.4474 -0.6102 4.066, -1.5397 0.3272 4.0354, -1.5436 0.312 4.0354, -1.567 0.1568 4.0354, -1.5693 0.1097 4.0354, -1.5748 -0.0 4.0354, -1.5048 0.4641 4.0354, -1.478 0.5379 4.0354, -1.383 0.7531 4.0354, -1.3795 0.7512 4.066, -1.3691 0.7455 4.0945, -1.3527 0.7366 4.1189, -1.3312 0.7249 4.1377, -1.3062 0.7112 4.1495, -1.2793 0.6966 4.1535, -1.3012 0.8871 4.0354, -1.2727 0.9246 4.0354, -1.0996 1.1273 4.0354, -1.0968 1.1244 4.066, -1.0885 1.116 4.0945, -1.0754 1.1025 4.1189, -1.0584 1.085 4.1377, -1.0385 1.0646 4.1495, -1.0171 1.0428 4.1535, -0.9082 1.1388 4.1535, -0.9273 1.1627 4.1495, -0.9451 1.185 4.1377, -0.9603 1.2041 4.1189, -0.972 1.2188 4.0945, -0.8458 1.3095 4.0945, -0.8356 1.2938 4.1189, -0.8224 1.2732 4.1377, -0.8069 1.2493 4.1495, -0.7903 1.2236 4.1535, -0.7112 1.3873 4.0945, -0.7027 1.3705 4.1189, -0.6915 1.3488 4.1377, -0.6785 1.3234 4.1495, -0.6646 1.2962 4.1535, -0.5754 1.4659 4.0354, -0.5739 1.4622 4.066, -0.5696 1.4512 4.0945, -0.5627 1.4337 4.1189, -0.5538 1.4109 4.1377, -0.5434 1.3844 4.1495, -0.5322 1.356 4.1535, -0.4265 1.5159 4.0354, -0.3806 1.5264 4.0354, -0.1177 1.5704 4.0354, -0.1174 1.5663 4.066, -0.1165 1.5546 4.0945, -0.1151 1.5359 4.1189, -0.1133 1.5115 4.1377, -0.1112 1.4831 4.1495, -0.1089 1.4526 4.1535, 0.0363 1.4562 4.1535, 0.0371 1.4868 4.1495, 0.0378 1.5152 4.1377, 0.0384 1.5397 4.1189, 0.0389 1.5585 4.0945, 0.1938 1.5468 4.0945, 0.1915 1.5282 4.1189, 0.1885 1.5039 4.1377, 0.1849 1.4757 4.1495, 0.1811 1.4453 4.1535, 0.3469 1.5199 4.0945, 0.3427 1.5016 4.1189, 0.3373 1.4777 4.1377, 0.3309 1.4499 4.1495, 0.3241 1.4201 4.1535, 0.5015 1.4928 4.0354, 0.5003 1.4889 4.066, 0.4965 1.4778 4.0945, 0.4905 1.46 4.1189, 0.4827 1.4368 4.1377, 0.4737 1.4098 4.1495, 0.4639 1.3808 4.1535, 0.6477 1.4354 4.0354, 0.6896 1.4139 4.0354, 0.9193 1.2786 4.0354, 0.9169 1.2753 4.066, 0.91 1.2658 4.0945, 0.8991 1.2505 4.1189, 0.8848 1.2307 4.1377, 0.8682 1.2075 4.1495, 0.8503 1.1827 4.1535, 0.8813 1.158 4.1535, 0.9841 1.1151 4.1495, 1.0029 1.1364 4.1377, 1.0191 1.1548 4.1189, 1.0315 1.1689 4.0945, 1.1544 1.0711 4.0354, 1.2049 1.011 4.0354, 1.3438 0.8211 4.0354, 1.3403 0.819 4.066, 1.3303 0.8129 4.0945, 1.3142 0.8031 4.1189, 1.2934 0.7903 4.1377, 1.2691 0.7755 4.1495, 1.1703 0.8661 4.1535, 1.4188 0.6832 4.0354, 1.4371 0.6399 4.0354, 1.5261 0.3886 4.0354, 1.5222 0.3876 4.066, 1.5108 0.3846 4.0945, 1.4926 0.38 4.1189, 1.4689 0.374 4.1377, 1.4413 0.367 4.1495, 1.4116 0.3594 4.1535, 1.4223 0.3066 4.1535, 1.4706 0.2216 4.1495, 1.4988 0.2259 4.1377, 1.523 0.2295 4.1189, 1.5416 0.2323 4.0945, 1.557 0.0777 4.0945, 1.5383 0.0767 4.1189, 1.5139 0.0755 4.1377, 1.557 -0.0777 4.0945, 1.5383 -0.0768 4.1189, 1.5139 -0.0756 4.1377, 1.4854 -0.0742 4.1495, 1.4549 -0.0727 4.1535, 1.5572 -0.2348 4.0354, 1.5532 -0.2342 4.066, 1.5416 -0.2324 4.0945, 1.523 -0.2296 4.1189, 1.4988 -0.226 4.1377, 1.4706 -0.2217 4.1495, 1.4518 -0.1029 4.1535, 1.5261 -0.3886 4.0354, 1.5122 -0.4336 4.0354, 1.4188 -0.6833 4.0354, 1.4152 -0.6816 4.066, 1.4046 -0.6765 4.0945, 1.3877 -0.6683 4.1189, 1.3656 -0.6577 4.1377, 1.2799 -0.6918 4.1535, 1.2691 -0.7756 4.1495, 1.2934 -0.7904 4.1377, 1.3142 -0.8032 4.1189, 1.3303 -0.8129 4.0945, 1.2427 -0.9414 4.0945, 1.2277 -0.93 4.1189, 1.2082 -0.9153 4.1377, 1.1428 -1.0604 4.0945, 1.129 -1.0476 4.1189, 1.1111 -1.031 4.1377, 1.0902 -1.0116 4.1495, 1.0678 -0.9908 4.1535, 1.042 -1.1808 4.0354, 1.0394 -1.1778 4.066, 1.0315 -1.1689 4.0945, 1.0191 -1.1549 4.1189, 1.0029 -1.1365 4.1377, 0.9841 -1.1152 4.1495, 1.0359 -1.022 4.1535, 0.9193 -1.2787 4.0354, 0.8797 -1.3042 4.0354, 0.6477 -1.4355 4.0354, 0.646 -1.4318 4.066, 0.6412 -1.4211 4.0945, 0.6335 -1.4039 4.1189, 0.6234 -1.3817 4.1377, 0.4639 -1.3809 4.1535, 0.4737 -1.4099 4.1495, 0.4827 -1.4369 4.1377, 0.4905 -1.46 4.1189, 0.4965 -1.4778 4.0945, 0.3469 -1.5199 4.0945, 0.3427 -1.5016 4.1189, 0.3373 -1.4778 4.1377, 0.3309 -1.45 4.1495, 0.3241 -1.4202 4.1535, 0.1938 -1.5469 4.0945, 0.1915 -1.5283 4.1189, 0.1885 -1.504 4.1377, 0.1849 -1.4758 4.1495, 0.1811 -1.4454 4.1535, 0.0393 -1.5744 4.0354, 0.0392 -1.5703 4.066, 0.0389 -1.5585 4.0945, 0.0384 -1.5398 4.1189, 0.0378 -1.5153 4.1377, 0.0371 -1.4868 4.1495, 0.0363 -1.4563 4.1535, -0.1177 -1.5704 4.0354, -0.1644 -1.5646 4.0354, -0.4265 -1.516 4.0354, -0.4254 -1.5121 4.066, -0.4222 -1.5008 4.0945, -0.4172 -1.4827 4.1189, -0.4105 -1.4591 4.1377, -0.4028 -1.4317 4.1495, -0.3945 -1.4023 4.1535, -0.5322 -1.356 4.1535, -0.5434 -1.3845 4.1495, -0.5538 -1.411 4.1377, -0.5627 -1.4338 4.1189, -0.5696 -1.4513 4.0945, -0.7112 -1.3873 4.0945, -0.7027 -1.3706 4.1189, -0.6915 -1.3489 4.1377, -0.6785 -1.3235 4.1495, -0.6646 -1.2963 4.1535, -0.8458 -1.3096 4.0945, -0.8356 -1.2939 4.1189, -0.8224 -1.2733 4.1377, -0.8069 -1.2494 4.1495, -0.7903 -1.2237 4.1535, -0.9819 -1.2313 4.0354, -0.9794 -1.2281 4.066, -0.972 -1.2189 4.0945, -0.9603 -1.2042 4.1189, -0.9451 -1.1851 4.1377, -0.9273 -1.1628 4.1495, -0.9082 -1.1389 4.1535, -1.0996 -1.1274 4.0354, -1.1316 -1.0929 4.0354, -1.3012 -0.8872 4.0354, -1.2978 -0.8849 4.066, -1.2881 -0.8782 4.0945, -1.2726 -0.8677 4.1189, -1.2524 -0.8539 4.1377, -1.2288 -0.8378 4.1495, -1.2036 -0.8206 4.1535, -1.2793 -0.6967 4.1535, -1.3062 -0.7113 4.1495, -1.3312 -0.725 4.1377, -1.3527 -0.7367 4.1189, -1.3691 -0.7456 4.0945, -1.4512 -0.6117 4.0354, -1.478 -0.538 4.0354, -1.5436 -0.3121 4.0354, -1.5396 -0.3113 4.066, -1.5281 -0.3089 4.0945, -1.5097 -0.3052 4.1189, -1.4857 -0.3004 4.1377, -1.4578 -0.2947 4.1495, -1.4278 -0.2887 4.1535
            ]
        }
        coordIndex [
            0,1,2,-1,2,1,3,-1,4,5,0,-1,0,5,6,-1,0,6,1,-1,7,3,6,-1,6,3,1,-1,8,9,7,-1,7,9,2,-1,7,2,3,-1,5,4,8,-1,8,4,9,-1,6,5,7,-1,7,5,8,-1,10,11,12,-1,12,11,13,-1,14,15,16,-1,16,15,13,-1,16,13,11,-1,17,18,14,-1,14,18,15,-1,18,17,12,-1,12,17,19,-1,12,19,10,-1,16,11,19,-1,19,11,10,-1,14,16,17,-1,17,16,19,-1,20,21,22,-1,23,24,25,-1,26,27,28,-1,29,30,31,-1,32,33,34,-1,35,36,37,-1,38,39,40,-1,41,42,43,-1,44,45,46,-1,47,48,49,-1,50,51,52,-1,53,54,55,-1,56,57,58,-1,59,60,61,-1,62,63,64,-1,65,66,67,-1,68,69,70,-1,71,72,73,-1,74,75,76,-1,77,78,79,-1,80,81,82,-1,83,84,85,-1,86,87,88,-1,89,90,91,-1,92,93,94,-1,95,96,97,-1,98,99,100,-1,101,102,103,-1,104,105,106,-1,107,108,109,-1,110,111,112,-1,113,114,115,-1,116,117,118,-1,119,120,121,-1,122,123,124,-1,125,126,127,-1,128,129,130,-1,131,132,133,-1,134,135,136,-1,137,138,139,-1,140,141,142,-1,143,144,145,-1,146,147,148,-1,149,147,150,-1,150,147,146,-1,150,146,151,-1,143,145,152,-1,140,142,153,-1,137,139,154,-1,131,133,155,-1,128,130,156,-1,122,124,157,-1,119,121,158,-1,159,149,160,-1,160,149,150,-1,160,150,161,-1,161,150,151,-1,161,151,162,-1,163,159,164,-1,164,159,160,-1,164,160,165,-1,165,160,161,-1,165,161,166,-1,166,161,162,-1,166,162,167,-1,168,163,169,-1,169,163,164,-1,169,164,170,-1,170,164,165,-1,170,165,171,-1,171,165,166,-1,171,166,172,-1,172,166,167,-1,172,167,22,-1,173,174,175,-1,176,174,177,-1,177,174,173,-1,177,173,178,-1,115,179,180,-1,180,179,181,-1,180,181,182,-1,182,181,183,-1,182,183,184,-1,184,183,185,-1,184,185,186,-1,187,188,189,-1,189,188,190,-1,189,190,191,-1,191,190,192,-1,191,192,193,-1,193,192,194,-1,193,194,195,-1,195,194,196,-1,195,196,197,-1,197,196,112,-1,198,199,200,-1,200,199,201,-1,200,201,202,-1,202,201,203,-1,202,203,204,-1,204,203,205,-1,204,205,206,-1,206,205,207,-1,206,207,208,-1,208,207,100,-1,88,209,210,-1,210,209,211,-1,210,211,212,-1,212,211,213,-1,212,213,214,-1,214,213,215,-1,214,215,145,-1,145,215,216,-1,145,216,152,-1,141,217,142,-1,142,217,218,-1,142,218,219,-1,219,218,220,-1,219,220,221,-1,221,220,222,-1,221,222,223,-1,223,222,224,-1,223,224,225,-1,225,224,82,-1,138,134,139,-1,139,134,136,-1,139,136,226,-1,226,136,227,-1,226,227,228,-1,228,227,229,-1,228,229,230,-1,230,229,231,-1,230,231,232,-1,232,231,79,-1,129,233,130,-1,130,233,234,-1,130,234,235,-1,235,234,236,-1,235,236,237,-1,237,236,238,-1,237,238,239,-1,239,238,240,-1,239,240,241,-1,241,240,67,-1,120,242,121,-1,121,242,243,-1,121,243,244,-1,244,243,245,-1,244,245,246,-1,246,245,247,-1,246,247,248,-1,248,247,249,-1,248,249,250,-1,250,249,55,-1,251,252,253,-1,253,252,254,-1,253,254,255,-1,255,254,256,-1,255,256,257,-1,257,256,258,-1,257,258,259,-1,259,258,260,-1,259,260,261,-1,261,260,43,-1,262,263,264,-1,264,263,265,-1,264,265,266,-1,266,265,267,-1,266,267,268,-1,268,267,269,-1,268,269,270,-1,270,269,271,-1,270,271,272,-1,272,271,31,-1,273,274,275,-1,275,274,276,-1,275,276,277,-1,277,276,278,-1,277,278,279,-1,279,278,280,-1,279,280,281,-1,281,280,282,-1,281,282,283,-1,283,282,25,-1,284,285,176,-1,176,285,286,-1,176,286,174,-1,174,286,287,-1,174,287,175,-1,175,287,288,-1,289,284,179,-1,179,284,176,-1,179,176,181,-1,181,176,177,-1,181,177,183,-1,183,177,178,-1,183,178,185,-1,115,114,179,-1,179,114,290,-1,179,290,289,-1,291,113,292,-1,292,113,115,-1,292,115,293,-1,293,115,180,-1,293,180,294,-1,294,180,182,-1,294,182,295,-1,295,182,184,-1,295,184,296,-1,296,184,186,-1,296,186,297,-1,297,186,148,-1,297,187,296,-1,296,187,189,-1,296,189,295,-1,295,189,191,-1,295,191,294,-1,294,191,193,-1,294,193,293,-1,293,193,195,-1,293,195,292,-1,292,195,197,-1,292,197,291,-1,291,197,298,-1,112,111,197,-1,197,111,299,-1,197,299,298,-1,300,110,301,-1,301,110,112,-1,301,112,302,-1,302,112,196,-1,302,196,303,-1,303,196,194,-1,303,194,304,-1,304,194,192,-1,304,192,305,-1,305,192,190,-1,305,190,306,-1,306,190,188,-1,306,307,305,-1,305,307,308,-1,305,308,304,-1,304,308,309,-1,304,309,303,-1,303,309,310,-1,303,310,302,-1,302,310,311,-1,302,311,301,-1,301,311,109,-1,301,109,300,-1,300,109,108,-1,105,107,106,-1,106,107,109,-1,106,109,312,-1,312,109,311,-1,312,311,313,-1,313,311,310,-1,313,310,314,-1,314,310,309,-1,314,309,315,-1,315,309,308,-1,315,308,316,-1,316,308,307,-1,102,104,103,-1,103,104,106,-1,103,106,317,-1,317,106,312,-1,317,312,318,-1,318,312,313,-1,318,313,319,-1,319,313,314,-1,319,314,320,-1,320,314,315,-1,320,315,321,-1,321,315,316,-1,322,101,323,-1,323,101,103,-1,323,103,324,-1,324,103,317,-1,324,317,325,-1,325,317,318,-1,325,318,326,-1,326,318,319,-1,326,319,327,-1,327,319,320,-1,327,320,328,-1,328,320,321,-1,328,198,327,-1,327,198,200,-1,327,200,326,-1,326,200,202,-1,326,202,325,-1,325,202,204,-1,325,204,324,-1,324,204,206,-1,324,206,323,-1,323,206,208,-1,323,208,322,-1,322,208,329,-1,100,99,208,-1,208,99,330,-1,208,330,329,-1,331,98,332,-1,332,98,100,-1,332,100,333,-1,333,100,207,-1,333,207,334,-1,334,207,205,-1,334,205,335,-1,335,205,203,-1,335,203,336,-1,336,203,201,-1,336,201,337,-1,337,201,199,-1,337,338,336,-1,336,338,339,-1,336,339,335,-1,335,339,340,-1,335,340,334,-1,334,340,341,-1,334,341,333,-1,333,341,342,-1,333,342,332,-1,332,342,97,-1,332,97,331,-1,331,97,96,-1,93,95,94,-1,94,95,97,-1,94,97,343,-1,343,97,342,-1,343,342,344,-1,344,342,341,-1,344,341,345,-1,345,341,340,-1,345,340,346,-1,346,340,339,-1,346,339,347,-1,347,339,338,-1,90,92,91,-1,91,92,94,-1,91,94,348,-1,348,94,343,-1,348,343,349,-1,349,343,344,-1,349,344,350,-1,350,344,345,-1,350,345,351,-1,351,345,346,-1,351,346,352,-1,352,346,347,-1,353,89,354,-1,354,89,91,-1,354,91,355,-1,355,91,348,-1,355,348,356,-1,356,348,349,-1,356,349,357,-1,357,349,350,-1,357,350,358,-1,358,350,351,-1,358,351,359,-1,359,351,352,-1,359,152,358,-1,358,152,216,-1,358,216,357,-1,357,216,215,-1,357,215,356,-1,356,215,213,-1,356,213,355,-1,355,213,211,-1,355,211,354,-1,354,211,209,-1,354,209,353,-1,353,209,360,-1,88,87,209,-1,209,87,361,-1,209,361,360,-1,362,86,363,-1,363,86,88,-1,363,88,364,-1,364,88,210,-1,364,210,365,-1,365,210,212,-1,365,212,366,-1,366,212,214,-1,366,214,367,-1,367,214,145,-1,367,145,368,-1,368,145,144,-1,368,369,367,-1,367,369,370,-1,367,370,366,-1,366,370,371,-1,366,371,365,-1,365,371,372,-1,365,372,364,-1,364,372,373,-1,364,373,363,-1,363,373,85,-1,363,85,362,-1,362,85,84,-1,374,83,225,-1,225,83,85,-1,225,85,223,-1,223,85,373,-1,223,373,221,-1,221,373,372,-1,221,372,219,-1,219,372,371,-1,219,371,142,-1,142,371,370,-1,142,370,153,-1,153,370,369,-1,82,81,225,-1,225,81,375,-1,225,375,374,-1,376,80,377,-1,377,80,82,-1,377,82,378,-1,378,82,224,-1,378,224,379,-1,379,224,222,-1,379,222,380,-1,380,222,220,-1,380,220,381,-1,381,220,218,-1,381,218,382,-1,382,218,217,-1,382,154,381,-1,381,154,139,-1,381,139,380,-1,380,139,226,-1,380,226,379,-1,379,226,228,-1,379,228,378,-1,378,228,230,-1,378,230,377,-1,377,230,232,-1,377,232,376,-1,376,232,383,-1,79,78,232,-1,232,78,384,-1,232,384,383,-1,385,77,386,-1,386,77,79,-1,386,79,387,-1,387,79,231,-1,387,231,388,-1,388,231,229,-1,388,229,389,-1,389,229,227,-1,389,227,390,-1,390,227,136,-1,390,136,391,-1,391,136,135,-1,391,392,390,-1,390,392,393,-1,390,393,389,-1,389,393,394,-1,389,394,388,-1,388,394,395,-1,388,395,387,-1,387,395,396,-1,387,396,386,-1,386,396,76,-1,386,76,385,-1,385,76,75,-1,72,74,73,-1,73,74,76,-1,73,76,397,-1,397,76,396,-1,397,396,398,-1,398,396,395,-1,398,395,399,-1,399,395,394,-1,399,394,133,-1,133,394,393,-1,133,393,155,-1,155,393,392,-1,69,71,70,-1,70,71,73,-1,70,73,400,-1,400,73,397,-1,400,397,401,-1,401,397,398,-1,401,398,402,-1,402,398,399,-1,402,399,403,-1,403,399,133,-1,403,133,404,-1,404,133,132,-1,405,68,406,-1,406,68,70,-1,406,70,407,-1,407,70,400,-1,407,400,408,-1,408,400,401,-1,408,401,409,-1,409,401,402,-1,409,402,410,-1,410,402,403,-1,410,403,411,-1,411,403,404,-1,411,156,410,-1,410,156,130,-1,410,130,409,-1,409,130,235,-1,409,235,408,-1,408,235,237,-1,408,237,407,-1,407,237,239,-1,407,239,406,-1,406,239,241,-1,406,241,405,-1,405,241,412,-1,67,66,241,-1,241,66,413,-1,241,413,412,-1,414,65,415,-1,415,65,67,-1,415,67,416,-1,416,67,240,-1,416,240,417,-1,417,240,238,-1,417,238,418,-1,418,238,236,-1,418,236,127,-1,127,236,234,-1,127,234,125,-1,125,234,233,-1,126,419,127,-1,127,419,420,-1,127,420,418,-1,418,420,421,-1,418,421,417,-1,417,421,422,-1,417,422,416,-1,416,422,423,-1,416,423,415,-1,415,423,64,-1,415,64,414,-1,414,64,63,-1,60,62,61,-1,61,62,64,-1,61,64,424,-1,424,64,423,-1,424,423,425,-1,425,423,422,-1,425,422,426,-1,426,422,421,-1,426,421,124,-1,124,421,420,-1,124,420,157,-1,157,420,419,-1,57,59,58,-1,58,59,61,-1,58,61,427,-1,427,61,424,-1,427,424,428,-1,428,424,425,-1,428,425,429,-1,429,425,426,-1,429,426,430,-1,430,426,124,-1,430,124,431,-1,431,124,123,-1,432,56,433,-1,433,56,58,-1,433,58,434,-1,434,58,427,-1,434,427,435,-1,435,427,428,-1,435,428,436,-1,436,428,429,-1,436,429,437,-1,437,429,430,-1,437,430,438,-1,438,430,431,-1,438,158,437,-1,437,158,121,-1,437,121,436,-1,436,121,244,-1,436,244,435,-1,435,244,246,-1,435,246,434,-1,434,246,248,-1,434,248,433,-1,433,248,250,-1,433,250,432,-1,432,250,439,-1,55,54,250,-1,250,54,440,-1,250,440,439,-1,441,53,442,-1,442,53,55,-1,442,55,443,-1,443,55,249,-1,443,249,444,-1,444,249,247,-1,444,247,445,-1,445,247,245,-1,445,245,118,-1,118,245,243,-1,118,243,116,-1,116,243,242,-1,117,446,118,-1,118,446,447,-1,118,447,445,-1,445,447,448,-1,445,448,444,-1,444,448,449,-1,444,449,443,-1,443,449,450,-1,443,450,442,-1,442,450,52,-1,442,52,441,-1,441,52,51,-1,48,50,49,-1,49,50,52,-1,49,52,451,-1,451,52,450,-1,451,450,452,-1,452,450,449,-1,452,449,453,-1,453,449,448,-1,453,448,454,-1,454,448,447,-1,454,447,455,-1,455,447,446,-1,45,47,46,-1,46,47,49,-1,46,49,456,-1,456,49,451,-1,456,451,457,-1,457,451,452,-1,457,452,458,-1,458,452,453,-1,458,453,459,-1,459,453,454,-1,459,454,460,-1,460,454,455,-1,461,44,462,-1,462,44,46,-1,462,46,463,-1,463,46,456,-1,463,456,464,-1,464,456,457,-1,464,457,465,-1,465,457,458,-1,465,458,466,-1,466,458,459,-1,466,459,467,-1,467,459,460,-1,467,251,466,-1,466,251,253,-1,466,253,465,-1,465,253,255,-1,465,255,464,-1,464,255,257,-1,464,257,463,-1,463,257,259,-1,463,259,462,-1,462,259,261,-1,462,261,461,-1,461,261,468,-1,43,42,261,-1,261,42,469,-1,261,469,468,-1,470,41,471,-1,471,41,43,-1,471,43,472,-1,472,43,260,-1,472,260,473,-1,473,260,258,-1,473,258,474,-1,474,258,256,-1,474,256,475,-1,475,256,254,-1,475,254,476,-1,476,254,252,-1,476,477,475,-1,475,477,478,-1,475,478,474,-1,474,478,479,-1,474,479,473,-1,473,479,480,-1,473,480,472,-1,472,480,481,-1,472,481,471,-1,471,481,40,-1,471,40,470,-1,470,40,39,-1,36,38,37,-1,37,38,40,-1,37,40,482,-1,482,40,481,-1,482,481,483,-1,483,481,480,-1,483,480,484,-1,484,480,479,-1,484,479,485,-1,485,479,478,-1,485,478,486,-1,486,478,477,-1,33,35,34,-1,34,35,37,-1,34,37,487,-1,487,37,482,-1,487,482,488,-1,488,482,483,-1,488,483,489,-1,489,483,484,-1,489,484,490,-1,490,484,485,-1,490,485,491,-1,491,485,486,-1,492,32,493,-1,493,32,34,-1,493,34,494,-1,494,34,487,-1,494,487,495,-1,495,487,488,-1,495,488,496,-1,496,488,489,-1,496,489,497,-1,497,489,490,-1,497,490,498,-1,498,490,491,-1,498,262,497,-1,497,262,264,-1,497,264,496,-1,496,264,266,-1,496,266,495,-1,495,266,268,-1,495,268,494,-1,494,268,270,-1,494,270,493,-1,493,270,272,-1,493,272,492,-1,492,272,499,-1,31,30,272,-1,272,30,500,-1,272,500,499,-1,501,29,502,-1,502,29,31,-1,502,31,503,-1,503,31,271,-1,503,271,504,-1,504,271,269,-1,504,269,505,-1,505,269,267,-1,505,267,506,-1,506,267,265,-1,506,265,507,-1,507,265,263,-1,507,508,506,-1,506,508,509,-1,506,509,505,-1,505,509,510,-1,505,510,504,-1,504,510,511,-1,504,511,503,-1,503,511,512,-1,503,512,502,-1,502,512,28,-1,502,28,501,-1,501,28,27,-1,513,26,283,-1,283,26,28,-1,283,28,281,-1,281,28,512,-1,281,512,279,-1,279,512,511,-1,279,511,277,-1,277,511,510,-1,277,510,275,-1,275,510,509,-1,275,509,273,-1,273,509,508,-1,25,24,283,-1,283,24,514,-1,283,514,513,-1,515,23,516,-1,516,23,25,-1,516,25,517,-1,517,25,282,-1,517,282,518,-1,518,282,280,-1,518,280,519,-1,519,280,278,-1,519,278,520,-1,520,278,276,-1,520,276,521,-1,521,276,274,-1,521,168,520,-1,520,168,169,-1,520,169,519,-1,519,169,170,-1,519,170,518,-1,518,170,171,-1,518,171,517,-1,517,171,172,-1,517,172,516,-1,516,172,22,-1,516,22,515,-1,515,22,21,-1,148,186,146,-1,146,186,185,-1,146,185,151,-1,151,185,178,-1,151,178,162,-1,162,178,173,-1,162,173,167,-1,167,173,175,-1,167,175,22,-1,22,175,288,-1,22,288,20,-1,
        ]
    }
}
Shape{
    appearance Appearance {
        material  Material 	{
            diffuseColor 0.0 0.0 0.0
            specularColor 0.0 0.0 0.0
            ambientIntensity 0.0
            transparency 0.0
            shininess 0.5
        }
    }
    geometry IndexedFaceSet {
        ccw TRUE
        solid FALSE
        coord DEF co Coordinate {
            point [
                0.7099 -1.2721 4.1535, 0.7283 -1.2616 4.1535, 0.7099 -1.2721 4.1531, 0.8503 -1.1828 4.1535, 0.8822 -1.1592 4.1531, 1.0359 -1.022 4.1535, 1.037 -1.0231 4.1531, 0.9639 -1.0922 4.1535, 0.8813 -1.158 4.1535, 1.0678 -0.9908 4.1535, 1.1612 -0.8796 4.1535, 1.1709 -0.8665 4.1531, 1.3661 -0.5048 4.1535, 1.3664 -0.5049 4.1531, 1.2815 -0.6927 4.1531, 1.3124 -0.6321 4.1535, 1.1703 -0.8661 4.1535, 1.243 -0.7596 4.1535, 1.2799 -0.6918 4.1535, 1.3688 -0.4983 4.1535, 1.4116 -0.3595 4.1535, 1.424 -0.3071 4.1531, 1.4518 -0.1029 4.1535, 1.453 -0.1031 4.1531, 1.4404 -0.2171 4.1535, 1.4223 -0.3067 4.1535, 1.4549 -0.0727 4.1535, 1.4549 0.0726 4.1535, 1.453 0.103 4.1531, 1.4223 0.3066 4.1535, 1.424 0.307 4.1531, 1.4404 0.2171 4.1535, 1.4518 0.1029 4.1535, 1.4116 0.3594 4.1535, 1.3688 0.4982 4.1535, 1.3664 0.5048 4.1531, 1.1703 0.8661 4.1535, 1.1709 0.8665 4.1531, 1.2815 0.6926 4.1531, 1.243 0.7595 4.1535, 1.3661 0.5047 4.1535, 1.3124 0.632 4.1535, 1.2799 0.6917 4.1535, 1.1612 0.8795 4.1535, 1.0678 0.9908 4.1535, 1.037 1.023 4.1531, 0.8813 1.158 4.1535, 0.8822 1.1591 4.1531, 0.9639 1.0922 4.1535, 1.0359 1.0219 4.1535, 0.7099 1.272 4.1535, 0.7099 1.272 4.1531, 0.7283 1.2615 4.1535, 0.8503 1.1827 4.1535, 1.5743 -0.0385 1.7696, 1.5783 -0.0386 1.7696, 1.5743 -0.0385 1.6987, 1.5783 -0.0386 1.6987, 1.574 -0.0489 1.7696, 1.578 -0.049 1.7696, 1.574 -0.0489 1.6895, 1.578 -0.049 1.6895, 1.5748 -0.0067 1.6895, 1.5787 -0.0067 1.6895, 1.5748 -0.0067 1.6987, 1.5787 -0.0067 1.6987, 1.5744 0.0359 1.6974, 1.5783 0.036 1.6974, 1.5743 0.039 1.6975, 1.5783 0.0384 1.6975, 1.5742 0.0426 1.6982, 1.5781 0.0427 1.6983, 1.574 0.0488 1.6994, 1.578 0.0489 1.6994, 1.574 0.0498 1.6998, 1.5779 0.0499 1.6998, 1.5738 0.0566 1.7028, 1.5777 0.0567 1.7028, 1.5786 0.0177 1.7039, 1.5747 0.0173 1.704, 1.5786 0.0167 1.7046, 1.5747 0.0153 1.7058, 1.5787 0.0154 1.7058, 1.5785 0.0293 1.6983, 1.5745 0.0292 1.6982, 1.5785 0.0272 1.6986, 1.5746 0.0276 1.6984, 1.5785 0.0251 1.6994, 1.5746 0.025 1.6994, 1.5786 0.0223 1.7005, 1.5746 0.0223 1.7005, 1.5786 0.0214 1.7012, 1.5746 0.0214 1.7011, 1.5747 0.0176 1.7038, 1.5748 0.0075 1.7287, 1.5787 0.0075 1.7287, 1.5748 0.0075 1.7284, 1.5787 0.0075 1.7284, 1.5748 0.0083 1.72, 1.5787 0.0085 1.7201, 1.5748 0.0084 1.7196, 1.5787 0.0086 1.7188, 1.5748 0.0099 1.7151, 1.5787 0.0099 1.7151, 1.5748 0.0108 1.7125, 1.5787 0.0108 1.7126, 1.5747 0.012 1.7107, 1.5787 0.012 1.7108, 1.5747 0.0159 1.7528, 1.5786 0.0159 1.7528, 1.5747 0.0152 1.752, 1.5787 0.0153 1.752, 1.5747 0.0128 1.7482, 1.5787 0.0128 1.7482, 1.5748 0.0113 1.7459, 1.5787 0.0113 1.7459, 1.5748 0.0103 1.7432, 1.5787 0.0103 1.7432, 1.5748 0.0086 1.7383, 1.5787 0.0086 1.7383, 1.5748 0.0084 1.7371, 1.5787 0.0085 1.7371, 1.5743 0.0377 1.7616, 1.5783 0.0378 1.7616, 1.5744 0.036 1.7616, 1.5783 0.0364 1.7616, 1.5744 0.0351 1.7614, 1.5783 0.0352 1.7614, 1.5745 0.0289 1.7604, 1.5785 0.029 1.7604, 1.5745 0.0279 1.7603, 1.5785 0.028 1.7602, 1.5746 0.0244 1.7588, 1.5785 0.0245 1.7587, 1.5746 0.0223 1.7579, 1.5786 0.0223 1.7578, 1.5747 0.0205 1.7564, 1.5786 0.0206 1.7564, 1.5781 0.0458 1.7607, 1.5741 0.0457 1.7607, 1.578 0.0469 1.7605, 1.5741 0.0468 1.7605, 1.5778 0.0526 1.7585, 1.5739 0.0524 1.7584, 1.5777 0.0563 1.7571, 1.5738 0.0566 1.7569, 1.5777 0.0567 1.7569, 1.5738 0.0566 1.7677, 1.5777 0.0567 1.7677, 1.5743 0.0376 1.771, 1.5783 0.0377 1.771, 1.5743 0.0399 1.7708, 1.5782 0.04 1.7708, 1.5741 0.048 1.7701, 1.578 0.0467 1.7703, 1.574 0.0499 1.7695, 1.5779 0.05 1.7694, 1.5748 0.0082 1.7592, 1.5787 0.0082 1.7592, 1.5748 0.0105 1.7613, 1.5787 0.0106 1.7611, 1.5748 0.0109 1.7617, 1.5747 0.0162 1.7652, 1.5786 0.0162 1.7653, 1.5747 0.0187 1.7669, 1.5786 0.0169 1.7658, 1.5746 0.0218 1.768, 1.5785 0.0282 1.7697, 1.5746 0.0268 1.7697, 1.5785 0.025 1.7693, 1.5786 0.0219 1.7679, 1.5745 0.0281 1.7699, 1.5787 -0.0018 1.7401, 1.5748 -0.0032 1.7319, 1.5787 -0.0032 1.7302, 1.5748 -0.0033 1.7302, 1.5787 -0.0034 1.729, 1.5748 -0.0034 1.7281, 1.5787 -0.0034 1.7281, 1.5787 0.0033 1.7525, 1.5748 0.0024 1.7516, 1.5787 0.0018 1.7505, 1.5748 0.0002 1.7467, 1.5787 0.0002 1.7467, 1.5748 -0.0 1.7462, 1.5787 -0.0016 1.7421, 1.5748 -0.0012 1.7435, 1.5748 -0.0018 1.7401, 1.5748 0.0031 1.7526, 1.5787 -0.0003 1.7113, 1.5748 -0.0 1.7103, 1.5787 0.0014 1.7068, 1.5748 0.0008 1.7079, 1.5787 0.0023 1.7056, 1.5748 0.0024 1.7056, 1.5787 0.0069 1.6991, 1.5748 0.0061 1.7001, 1.5748 0.0069 1.6991, 1.5787 -0.0021 1.7176, 1.5748 -0.0022 1.7175, 1.5787 -0.0019 1.7154, 1.5748 -0.0021 1.716, 1.5748 -0.0004 1.7112, 1.5784 0.0305 1.6885, 1.5745 0.0304 1.6884, 1.5784 0.0318 1.6883, 1.5744 0.0344 1.6882, 1.5784 0.0345 1.6882, 1.5787 0.0123 1.6948, 1.5747 0.0123 1.6947, 1.5787 0.0143 1.6932, 1.5747 0.0137 1.6936, 1.5786 0.0172 1.6919, 1.5747 0.0172 1.6919, 1.5786 0.0214 1.6901, 1.5747 0.0205 1.6903, 1.5786 0.0228 1.6898, 1.5746 0.0227 1.6898, 1.5745 0.0285 1.6886, 1.5738 0.0566 1.6929, 1.5777 0.0567 1.6929, 1.5739 0.0535 1.6918, 1.5778 0.0536 1.6917, 1.5741 0.0464 1.6894, 1.578 0.0495 1.6902, 1.578 0.0462 1.6897, 1.5741 0.0461 1.6894, 1.5726 0.0829 1.7256, 1.5765 0.0831 1.7256, 1.5726 0.0829 1.6987, 1.5765 0.0831 1.6987, 1.5708 0.1115 1.7256, 1.5748 0.1118 1.7256, 1.5708 0.1115 1.7348, 1.5748 0.1118 1.7348, 1.5726 0.0829 1.7348, 1.5765 0.0831 1.7348, 1.5726 0.0829 1.7604, 1.5765 0.0831 1.7604, 1.5707 0.1137 1.7604, 1.5746 0.114 1.7604, 1.5707 0.1137 1.7696, 1.5746 0.114 1.7696, 1.5731 0.0726 1.7696, 1.5771 0.0727 1.7696, 1.5731 0.0726 1.6895, 1.5771 0.0727 1.6895, 1.5705 0.1156 1.6895, 1.5745 0.1158 1.6895, 1.5705 0.1156 1.6987, 1.5745 0.1158 1.6987, 1.5712 0.1538 1.7696, 1.5673 0.1534 1.7696, 1.5733 0.131 1.7696, 1.5694 0.1306 1.7696, 1.5665 0.1616 1.7686, 1.5704 0.162 1.7686, 1.566 0.166 1.768, 1.5699 0.1664 1.768, 1.5656 0.1696 1.7666, 1.5695 0.17 1.7666, 1.5649 0.176 1.7641, 1.5688 0.1765 1.7641, 1.5648 0.177 1.7635, 1.5687 0.1774 1.7635, 1.5641 0.1835 1.759, 1.568 0.1839 1.759, 1.5637 0.1868 1.7556, 1.5637 0.1866 1.7558, 1.5676 0.1871 1.7558, 1.5676 0.1869 1.756, 1.5633 0.1902 1.7507, 1.5672 0.1907 1.7507, 1.5631 0.1916 1.7486, 1.5671 0.1915 1.7496, 1.563 0.1926 1.7457, 1.5667 0.1947 1.7399, 1.5628 0.1942 1.7412, 1.5667 0.1944 1.7426, 1.5669 0.1931 1.7457, 1.5665 0.196 1.7306, 1.5626 0.1955 1.7306, 1.5627 0.1944 1.7399, 1.5627 0.195 1.7239, 1.5626 0.1952 1.7268, 1.5665 0.1957 1.7268, 1.5665 0.1958 1.7274, 1.5628 0.1938 1.7184, 1.5667 0.1942 1.7184, 1.5629 0.193 1.7153, 1.5668 0.1939 1.7165, 1.5631 0.1916 1.7124, 1.5674 0.189 1.7071, 1.5634 0.1894 1.7079, 1.5672 0.1904 1.7089, 1.567 0.1921 1.7124, 1.568 0.1839 1.7008, 1.5641 0.1835 1.7008, 1.5634 0.1887 1.707, 1.5649 0.1763 1.6955, 1.5688 0.1766 1.6956, 1.565 0.1757 1.6951, 1.569 0.175 1.6945, 1.5656 0.17 1.6927, 1.5695 0.1704 1.6927, 1.5659 0.1671 1.6915, 1.5699 0.1663 1.6912, 1.5663 0.163 1.6909, 1.5702 0.1634 1.6908, 1.5674 0.1526 1.6895, 1.5713 0.1529 1.6895, 1.5733 0.131 1.6895, 1.5694 0.1306 1.6895, 1.5688 0.1766 1.707, 1.569 0.1754 1.7061, 1.5694 0.1711 1.703, 1.5695 0.1704 1.7025, 1.5699 0.1668 1.701, 1.5702 0.1643 1.7, 1.5704 0.1618 1.6997, 1.5713 0.1529 1.6987, 1.5724 0.1413 1.6987, 1.5724 0.1413 1.7604, 1.5713 0.1534 1.7604, 1.5706 0.1597 1.7597, 1.5703 0.1625 1.7594, 1.57 0.166 1.7582, 1.5695 0.1701 1.7569, 1.5694 0.1714 1.756, 1.5688 0.1764 1.7529, 1.5686 0.1788 1.7504, 1.5686 0.1788 1.7504, 1.5683 0.1814 1.7466, 1.5682 0.182 1.7456, 1.5681 0.183 1.7428, 1.5684 0.1799 1.7114, 1.5683 0.1812 1.7131, 1.5682 0.1822 1.7154, 1.568 0.1838 1.7195, 1.568 0.1839 1.7199, 1.5679 0.1848 1.7269, 1.5678 0.1851 1.7291, 1.5678 0.1851 1.7303, 1.5679 0.1842 1.7382, 1.568 0.184 1.7401, 1.5674 0.1525 1.6987, 1.5685 0.1409 1.6987, 1.5649 0.1762 1.707, 1.565 0.1755 1.7064, 1.565 0.175 1.706, 1.5655 0.1707 1.703, 1.5656 0.1694 1.7022, 1.566 0.1664 1.7011, 1.5663 0.163 1.6998, 1.5665 0.1615 1.6996, 1.5639 0.1847 1.7303, 1.5639 0.1845 1.7269, 1.564 0.1844 1.7257, 1.5641 0.1833 1.72, 1.5641 0.1828 1.7176, 1.5643 0.1818 1.7154, 1.5644 0.1802 1.7121, 1.5645 0.1796 1.7113, 1.5649 0.176 1.7529, 1.5647 0.1782 1.7506, 1.5647 0.1783 1.7504, 1.5644 0.1809 1.7466, 1.564 0.1838 1.7382, 1.5641 0.1835 1.7402, 1.5642 0.1826 1.7428, 1.5643 0.1816 1.7456, 1.5673 0.153 1.7604, 1.5667 0.1593 1.7597, 1.5664 0.1621 1.7594, 1.5661 0.1656 1.7582, 1.5656 0.1696 1.7569, 1.5655 0.171 1.756, 1.5685 0.1409 1.7604
            ]
        }
        coordIndex [
            0,1,2,-1,2,1,3,-1,2,3,4,-1,5,6,7,-1,7,6,4,-1,7,4,8,-1,8,4,3,-1,5,9,6,-1,6,9,10,-1,6,10,11,-1,12,13,14,-1,12,14,15,-1,10,16,11,-1,11,16,17,-1,11,17,14,-1,14,17,18,-1,14,18,15,-1,12,19,13,-1,13,19,20,-1,13,20,21,-1,22,23,24,-1,24,23,21,-1,24,21,25,-1,25,21,20,-1,22,26,23,-1,23,26,27,-1,23,27,28,-1,29,30,31,-1,31,30,28,-1,31,28,32,-1,32,28,27,-1,29,33,30,-1,30,33,34,-1,30,34,35,-1,36,37,38,-1,36,38,39,-1,34,40,35,-1,35,40,41,-1,35,41,38,-1,38,41,42,-1,38,42,39,-1,36,43,37,-1,37,43,44,-1,37,44,45,-1,46,47,48,-1,48,47,45,-1,48,45,49,-1,49,45,44,-1,50,51,52,-1,52,51,47,-1,52,47,53,-1,53,47,46,-1,2,51,0,-1,0,51,50,-1,4,6,35,-1,37,45,2,-1,2,45,47,-1,2,47,51,-1,4,35,2,-1,2,35,38,-1,2,38,37,-1,6,11,35,-1,35,11,14,-1,35,14,13,-1,13,21,35,-1,35,21,23,-1,35,23,30,-1,30,23,28,-1,54,55,56,-1,56,55,57,-1,58,59,54,-1,54,59,55,-1,60,61,58,-1,58,61,59,-1,62,63,60,-1,60,63,61,-1,64,65,62,-1,62,65,63,-1,57,65,56,-1,56,65,64,-1,55,59,57,-1,57,59,61,-1,57,61,65,-1,65,61,63,-1,66,67,68,-1,68,67,69,-1,68,69,70,-1,70,69,71,-1,70,71,72,-1,72,71,73,-1,72,73,74,-1,74,73,75,-1,74,75,76,-1,76,75,77,-1,78,79,80,-1,80,79,81,-1,80,81,82,-1,67,66,83,-1,83,66,84,-1,83,84,85,-1,85,84,86,-1,85,86,87,-1,87,86,88,-1,87,88,89,-1,89,88,90,-1,89,90,91,-1,91,90,92,-1,91,92,78,-1,78,92,93,-1,78,93,79,-1,94,95,96,-1,96,95,97,-1,96,97,98,-1,98,97,99,-1,98,99,100,-1,100,99,101,-1,100,101,102,-1,102,101,103,-1,102,103,104,-1,104,103,105,-1,104,105,106,-1,106,105,107,-1,106,107,81,-1,81,107,82,-1,108,109,110,-1,110,109,111,-1,110,111,112,-1,112,111,113,-1,112,113,114,-1,114,113,115,-1,114,115,116,-1,116,115,117,-1,116,117,118,-1,118,117,119,-1,118,119,120,-1,120,119,121,-1,120,121,94,-1,94,121,95,-1,122,123,124,-1,124,123,125,-1,124,125,126,-1,126,125,127,-1,126,127,128,-1,128,127,129,-1,128,129,130,-1,130,129,131,-1,130,131,132,-1,132,131,133,-1,132,133,134,-1,134,133,135,-1,134,135,136,-1,136,135,137,-1,136,137,108,-1,108,137,109,-1,123,122,138,-1,138,122,139,-1,138,139,140,-1,140,139,141,-1,140,141,142,-1,142,141,143,-1,142,143,144,-1,144,143,145,-1,144,145,146,-1,147,148,145,-1,145,148,146,-1,149,150,151,-1,151,150,152,-1,151,152,153,-1,153,152,154,-1,153,154,155,-1,155,154,156,-1,155,156,147,-1,147,156,148,-1,157,158,159,-1,159,158,160,-1,159,160,161,-1,161,160,162,-1,162,160,163,-1,162,163,164,-1,164,163,165,-1,164,165,166,-1,167,168,169,-1,169,168,166,-1,169,166,170,-1,170,166,165,-1,150,149,167,-1,167,149,171,-1,167,171,168,-1,172,173,174,-1,174,173,175,-1,174,175,176,-1,176,175,177,-1,176,177,178,-1,179,180,181,-1,181,180,182,-1,181,182,183,-1,183,182,184,-1,183,184,185,-1,185,184,186,-1,185,186,172,-1,172,186,187,-1,172,187,173,-1,158,157,179,-1,179,157,188,-1,179,188,180,-1,189,190,191,-1,191,190,192,-1,191,192,193,-1,193,192,194,-1,193,194,195,-1,195,194,196,-1,195,196,197,-1,178,177,198,-1,198,177,199,-1,198,199,200,-1,200,199,201,-1,200,201,189,-1,189,201,202,-1,189,202,190,-1,203,204,205,-1,205,204,206,-1,205,206,207,-1,195,197,208,-1,208,197,209,-1,208,209,210,-1,210,209,211,-1,210,211,212,-1,212,211,213,-1,212,213,214,-1,214,213,215,-1,214,215,216,-1,216,215,217,-1,216,217,203,-1,203,217,218,-1,203,218,204,-1,219,220,221,-1,221,220,222,-1,221,222,223,-1,223,222,224,-1,223,224,225,-1,207,206,225,-1,225,206,226,-1,225,226,223,-1,77,220,76,-1,76,220,219,-1,220,77,222,-1,222,77,75,-1,222,75,224,-1,224,75,73,-1,224,73,225,-1,225,73,71,-1,225,71,207,-1,71,69,207,-1,207,69,67,-1,207,67,205,-1,205,67,83,-1,205,83,203,-1,203,83,216,-1,216,83,85,-1,216,85,214,-1,214,85,87,-1,214,87,212,-1,212,87,89,-1,212,89,210,-1,210,89,91,-1,210,91,208,-1,91,78,208,-1,208,78,80,-1,208,80,195,-1,80,82,195,-1,195,82,107,-1,195,107,193,-1,193,107,105,-1,193,105,191,-1,191,105,189,-1,189,105,103,-1,189,103,200,-1,200,103,101,-1,200,101,198,-1,198,101,99,-1,198,99,178,-1,178,99,97,-1,178,97,176,-1,176,97,95,-1,176,95,174,-1,174,95,121,-1,174,121,172,-1,172,121,119,-1,172,119,185,-1,185,119,117,-1,185,117,183,-1,183,117,181,-1,181,117,115,-1,181,115,179,-1,179,115,113,-1,179,113,158,-1,113,111,158,-1,158,111,109,-1,158,109,160,-1,160,109,137,-1,160,137,163,-1,163,137,135,-1,163,135,165,-1,152,150,123,-1,165,135,170,-1,170,135,133,-1,170,133,169,-1,169,133,131,-1,169,131,167,-1,131,129,167,-1,167,129,127,-1,167,127,150,-1,150,127,125,-1,150,125,123,-1,152,123,154,-1,154,123,138,-1,154,138,156,-1,138,140,156,-1,156,140,142,-1,156,142,148,-1,148,142,144,-1,148,144,146,-1,227,228,229,-1,229,228,230,-1,231,232,227,-1,227,232,228,-1,233,234,231,-1,231,234,232,-1,235,236,233,-1,233,236,234,-1,237,238,235,-1,235,238,236,-1,239,240,237,-1,237,240,238,-1,241,242,239,-1,239,242,240,-1,243,244,241,-1,241,244,242,-1,245,246,243,-1,243,246,244,-1,247,248,245,-1,245,248,246,-1,249,250,247,-1,247,250,248,-1,230,250,229,-1,229,250,249,-1,246,248,250,-1,250,230,246,-1,246,230,228,-1,246,228,244,-1,240,242,238,-1,238,242,244,-1,238,244,236,-1,236,244,228,-1,236,228,234,-1,234,228,232,-1,251,252,253,-1,253,252,254,-1,252,251,255,-1,255,251,256,-1,255,256,257,-1,257,256,258,-1,257,258,259,-1,259,258,260,-1,259,260,261,-1,261,260,262,-1,261,262,263,-1,263,262,264,-1,263,264,265,-1,265,264,266,-1,267,268,269,-1,269,268,270,-1,270,268,265,-1,270,265,266,-1,267,269,271,-1,271,269,272,-1,271,272,273,-1,273,272,274,-1,273,274,275,-1,276,277,278,-1,278,277,275,-1,278,275,279,-1,279,275,274,-1,280,281,276,-1,276,281,282,-1,276,282,277,-1,283,284,285,-1,285,284,286,-1,286,284,281,-1,286,281,280,-1,283,285,287,-1,287,285,288,-1,287,288,289,-1,289,288,290,-1,289,290,291,-1,292,293,294,-1,294,293,291,-1,294,291,295,-1,295,291,290,-1,296,297,292,-1,292,297,298,-1,292,298,293,-1,297,296,299,-1,299,296,300,-1,299,300,301,-1,301,300,302,-1,301,302,303,-1,303,302,304,-1,303,304,305,-1,305,304,306,-1,305,306,307,-1,307,306,308,-1,307,308,309,-1,309,308,310,-1,311,312,310,-1,310,312,309,-1,254,312,253,-1,253,312,311,-1,296,313,314,-1,296,314,300,-1,300,314,315,-1,300,315,302,-1,302,315,316,-1,302,316,304,-1,304,316,317,-1,304,317,306,-1,306,317,318,-1,306,318,308,-1,308,318,319,-1,308,319,310,-1,310,319,320,-1,310,320,311,-1,311,320,321,-1,311,321,253,-1,253,321,322,-1,253,322,251,-1,251,322,323,-1,251,323,256,-1,256,323,324,-1,256,324,258,-1,258,324,325,-1,258,325,260,-1,260,325,326,-1,260,326,262,-1,262,326,327,-1,262,327,264,-1,264,327,328,-1,264,328,266,-1,328,329,266,-1,266,329,330,-1,266,330,270,-1,270,330,331,-1,270,331,269,-1,269,331,332,-1,269,332,272,-1,272,332,333,-1,272,333,274,-1,274,333,334,-1,313,296,335,-1,335,296,292,-1,335,292,336,-1,336,292,294,-1,336,294,337,-1,337,294,295,-1,337,295,338,-1,338,295,290,-1,338,290,339,-1,339,290,288,-1,339,288,340,-1,340,288,285,-1,340,285,341,-1,341,285,286,-1,341,286,342,-1,342,286,280,-1,342,280,343,-1,343,280,276,-1,343,276,344,-1,344,276,278,-1,344,278,334,-1,334,278,279,-1,334,279,274,-1,320,345,321,-1,321,345,346,-1,314,313,347,-1,347,348,314,-1,314,348,349,-1,314,349,315,-1,315,349,350,-1,315,350,316,-1,316,350,351,-1,316,351,317,-1,317,351,352,-1,317,352,318,-1,318,352,353,-1,318,353,319,-1,319,353,354,-1,319,354,320,-1,320,354,345,-1,341,342,355,-1,341,355,340,-1,355,356,340,-1,340,356,357,-1,340,357,339,-1,339,357,358,-1,339,358,338,-1,338,358,359,-1,338,359,337,-1,337,359,360,-1,337,360,336,-1,336,360,361,-1,336,361,335,-1,335,361,362,-1,335,362,313,-1,313,362,347,-1,330,329,363,-1,363,364,330,-1,330,364,365,-1,330,365,331,-1,331,365,366,-1,355,342,367,-1,367,342,343,-1,367,343,368,-1,368,343,344,-1,368,344,369,-1,369,344,334,-1,369,334,370,-1,370,334,333,-1,370,333,366,-1,366,333,332,-1,366,332,331,-1,323,371,324,-1,324,371,372,-1,324,372,325,-1,325,372,373,-1,325,373,326,-1,326,373,374,-1,326,374,327,-1,327,374,375,-1,327,375,328,-1,328,375,376,-1,328,376,329,-1,329,376,363,-1,322,377,323,-1,323,377,371,-1,322,321,377,-1,377,321,346,-1,
        ]
    }
}
Shape{
    appearance Appearance {
        material  Material 	{
            diffuseColor 1.0 1.0 1.0
            specularColor 0.5019607843137255 0.5019607843137255 0.5019607843137255
            ambientIntensity 1.0
            transparency 0.0
            shininess 0.5
        }
    }
    geometry IndexedFaceSet {
        ccw TRUE
        solid FALSE
        coord DEF co Coordinate {
            point [
                1.5674 0.1525 1.6987, 1.5665 0.1615 1.6996, 1.5647 0.1783 1.7504, 1.5663 0.163 1.6998, 1.566 0.1664 1.7011, 1.5656 0.1694 1.7022, 1.5655 0.1707 1.703, 1.565 0.175 1.706, 1.5649 0.1762 1.707, 1.5645 0.1796 1.7113, 1.5644 0.1807 1.7134, 1.5644 0.1802 1.7121, 1.5643 0.1818 1.7154, 1.5641 0.1828 1.7176, 1.5641 0.1833 1.72, 1.565 0.1755 1.7064, 1.564 0.1844 1.7257, 1.5639 0.1845 1.7269, 1.5639 0.1847 1.7303, 1.564 0.1838 1.7382, 1.5641 0.1835 1.7402, 1.5642 0.1826 1.7428, 1.5643 0.1816 1.7456, 1.5644 0.1809 1.7466, 1.5649 0.176 1.7529, 1.5655 0.171 1.756, 1.5685 0.1409 1.6987, 1.5647 0.1782 1.7506, 1.5656 0.1696 1.7569, 1.5661 0.1656 1.7582, 1.5664 0.1621 1.7594, 1.5667 0.1593 1.7597, 1.5673 0.153 1.7604, 1.5685 0.1409 1.7604
            ]
        }
        coordIndex [
            0,1,2,-1,2,1,3,-1,2,3,4,-1,4,5,2,-1,2,5,6,-1,2,6,7,-1,8,9,10,-1,10,9,11,-1,10,11,12,-1,13,14,12,-1,12,14,7,-1,12,7,10,-1,10,7,15,-1,10,15,8,-1,14,16,7,-1,7,16,17,-1,7,17,18,-1,18,19,7,-1,7,19,20,-1,7,20,21,-1,21,22,7,-1,7,22,23,-1,7,23,2,-1,24,25,26,-1,0,2,26,-1,26,2,27,-1,26,27,24,-1,25,28,26,-1,26,28,29,-1,26,29,30,-1,30,31,26,-1,26,31,32,-1,26,32,33,-1,
        ]
    }
}
Shape{
    appearance Appearance {
        material  Material 	{
            diffuseColor 0.0 0.0 0.0
            specularColor 0.0 0.0 0.0
            ambientIntensity 0.0
            transparency 0.0
            shininess 0.5
        }
    }
    geometry IndexedFaceSet {
        ccw TRUE
        solid FALSE
        coord DEF co Coordinate {
            point [
                1.5621 0.1999 1.6895, 1.566 0.2004 1.6895, 1.56 0.215 1.7296, 1.5618 0.2307 1.7696, 1.5595 0.2191 1.7406, 1.5579 0.2301 1.7696, 1.5606 0.2112 1.6895, 1.5645 0.2117 1.6895, 1.5595 0.2188 1.7114, 1.5634 0.2194 1.7114, 1.56 0.215 1.7005, 1.5545 0.2518 1.7114, 1.5584 0.2524 1.7114, 1.5595 0.2191 1.7114, 1.5532 0.2598 1.6895, 1.5571 0.2605 1.6895, 1.5539 0.2558 1.7005, 1.5513 0.2711 1.6895, 1.5552 0.2718 1.6895, 1.5562 0.241 1.7696, 1.5601 0.2416 1.7696, 1.5538 0.2561 1.7296, 1.5589 0.2493 1.7205, 1.5629 0.2226 1.7205, 1.5621 0.2286 1.7371, 1.5612 0.2345 1.7538, 1.5611 0.2352 1.7566, 1.561 0.236 1.7594, 1.5609 0.2367 1.7566, 1.5608 0.2373 1.7538, 1.5599 0.2433 1.7371, 1.5572 0.2347 1.7566, 1.5571 0.2354 1.7594, 1.5573 0.2339 1.7538, 1.5569 0.2367 1.7538, 1.557 0.2361 1.7566, 1.555 0.2486 1.7205, 1.5591 0.2221 1.7205
            ]
        }
        coordIndex [
            0,1,2,-1,2,1,3,-1,2,3,4,-1,4,3,5,-1,6,7,0,-1,0,7,1,-1,8,9,10,-1,10,9,7,-1,10,7,6,-1,11,12,13,-1,13,12,9,-1,13,9,8,-1,14,15,16,-1,16,15,12,-1,16,12,11,-1,17,18,14,-1,14,18,15,-1,19,20,21,-1,21,20,18,-1,21,18,17,-1,3,20,5,-1,5,20,19,-1,1,7,9,-1,12,22,9,-1,9,22,23,-1,9,23,1,-1,1,23,24,-1,1,24,3,-1,3,24,25,-1,25,26,3,-1,3,26,27,-1,3,27,20,-1,20,27,28,-1,20,28,29,-1,29,30,20,-1,20,30,22,-1,20,22,18,-1,18,22,12,-1,18,12,15,-1,31,32,27,-1,27,26,31,-1,31,26,25,-1,31,25,33,-1,34,29,28,-1,34,28,35,-1,35,28,27,-1,35,27,32,-1,29,34,30,-1,30,34,36,-1,30,36,22,-1,37,23,36,-1,36,23,22,-1,23,37,24,-1,24,37,33,-1,24,33,25,-1,
        ]
    }
}
Shape{
    appearance Appearance {
        material  Material 	{
            diffuseColor 1.0 1.0 1.0
            specularColor 0.5019607843137255 0.5019607843137255 0.5019607843137255
            ambientIntensity 1.0
            transparency 0.0
            shininess 0.5
        }
    }
    geometry IndexedFaceSet {
        ccw TRUE
        solid FALSE
        coord DEF co Coordinate {
            point [
                1.5591 0.2221 1.7205, 1.555 0.2486 1.7205, 1.5573 0.2339 1.7538, 1.5569 0.2367 1.7538, 1.5572 0.2347 1.7566, 1.557 0.2361 1.7566, 1.5571 0.2354 1.7594
            ]
        }
        coordIndex [
            0,1,2,-1,2,1,3,-1,2,3,4,-1,4,3,5,-1,4,5,6,-1,
        ]
    }
}
Shape{
    appearance Appearance {
        material  Material 	{
            diffuseColor 0.0 0.0 0.0
            specularColor 0.0 0.0 0.0
            ambientIntensity 0.0
            transparency 0.0
            shininess 0.5
        }
    }
    geometry IndexedFaceSet {
        ccw TRUE
        solid FALSE
        coord DEF co Coordinate {
            point [
                1.5743 -0.0385 1.5986, 1.5783 -0.0386 1.5986, 1.5743 -0.0385 1.5717, 1.5783 -0.0386 1.5717, 1.5748 -0.0099 1.5986, 1.5787 -0.0099 1.5986, 1.5748 -0.0099 1.6078, 1.5787 -0.0099 1.6078, 1.5743 -0.0385 1.6078, 1.5783 -0.0386 1.6078, 1.5743 -0.0385 1.6334, 1.5783 -0.0386 1.6334, 1.5748 -0.0076 1.6334, 1.5787 -0.0077 1.6334, 1.5748 -0.0076 1.6426, 1.5787 -0.0077 1.6426, 1.574 -0.0489 1.6426, 1.578 -0.049 1.6426, 1.574 -0.0489 1.5625, 1.578 -0.049 1.5625, 1.5748 -0.0058 1.5625, 1.5787 -0.0058 1.5625, 1.5748 -0.0058 1.5717, 1.5787 -0.0058 1.5717, 1.5745 0.0281 1.6129, 1.5785 0.0282 1.6129, 1.5746 0.0253 1.6126, 1.5785 0.0254 1.6126, 1.5746 0.0232 1.6124, 1.5786 0.0232 1.6123, 1.5747 0.0197 1.6113, 1.5786 0.0198 1.6113, 1.5747 0.0164 1.6102, 1.5786 0.0164 1.6102, 1.5747 0.0147 1.6092, 1.5787 0.0147 1.6092, 1.5748 0.0094 1.606, 1.5787 0.0094 1.606, 1.5743 0.0395 1.6007, 1.5743 0.0397 1.5989, 1.5782 0.0398 1.5989, 1.5782 0.0397 1.6007, 1.5782 0.0396 1.6018, 1.5743 0.0394 1.603, 1.5782 0.039 1.6047, 1.5743 0.0389 1.6047, 1.5783 0.0386 1.6062, 1.5743 0.0384 1.6067, 1.5783 0.0382 1.6071, 1.5743 0.0382 1.6071, 1.5783 0.0375 1.6086, 1.5744 0.0374 1.6086, 1.5783 0.0375 1.6086, 1.5744 0.0374 1.6087, 1.5744 0.037 1.609, 1.5783 0.0361 1.6102, 1.5744 0.036 1.6102, 1.5783 0.0362 1.6101, 1.5783 0.0371 1.609, 1.5784 0.0313 1.6124, 1.5745 0.0312 1.6124, 1.5784 0.032 1.6123, 1.5745 0.0319 1.6123, 1.5784 0.0333 1.6118, 1.5744 0.0333 1.6118, 1.5784 0.0344 1.6114, 1.5744 0.0343 1.6114, 1.5783 0.0349 1.611, 1.5744 0.0348 1.6111, 1.5744 0.036 1.6102, 1.5786 0.0228 1.5965, 1.5745 0.0312 1.5977, 1.5746 0.0228 1.5965, 1.5748 0.0038 1.5778, 1.5787 0.0038 1.5778, 1.5748 0.0044 1.5825, 1.5787 0.0045 1.5825, 1.5748 0.0044 1.5828, 1.5787 0.0046 1.5836, 1.5748 0.0053 1.5855, 1.5787 0.0054 1.5854, 1.5748 0.0057 1.5865, 1.5787 0.0061 1.5872, 1.5748 0.0066 1.5879, 1.5787 0.0066 1.5879, 1.5748 0.0078 1.5897, 1.5787 0.008 1.5899, 1.5748 0.0082 1.5901, 1.5787 0.0082 1.5901, 1.5748 0.01 1.5917, 1.5787 0.0101 1.5917, 1.5748 0.0106 1.5923, 1.5787 0.0107 1.5923, 1.5747 0.0126 1.5933, 1.5787 0.0126 1.5933, 1.5747 0.0146 1.5944, 1.5787 0.0148 1.5944, 1.5747 0.0161 1.5948, 1.5786 0.0162 1.5948, 1.5787 0.0072 1.5675, 1.5748 0.0073 1.5672, 1.5787 0.0079 1.5665, 1.5748 0.0087 1.5657, 1.5787 0.0087 1.5657, 1.5787 0.0043 1.5741, 1.5748 0.0042 1.5741, 1.5787 0.0044 1.5728, 1.5748 0.0043 1.5732, 1.5787 0.0049 1.5717, 1.5748 0.0048 1.5716, 1.5787 0.0056 1.5698, 1.5748 0.0054 1.5701, 1.5787 0.0057 1.5696, 1.5748 0.0057 1.5696, 1.5748 0.0071 1.5675, 1.5746 0.0219 1.5612, 1.5786 0.022 1.5612, 1.5747 0.0184 1.5616, 1.5786 0.0185 1.5616, 1.5747 0.0171 1.5617, 1.5786 0.0172 1.5617, 1.5747 0.0148 1.5625, 1.5787 0.0149 1.5625, 1.5747 0.0127 1.5632, 1.5787 0.0127 1.5632, 1.5747 0.0117 1.5638, 1.5787 0.0117 1.5638, 1.5743 0.0394 1.5714, 1.5782 0.0395 1.5714, 1.5743 0.0388 1.5704, 1.5783 0.0386 1.57, 1.5744 0.037 1.5682, 1.5783 0.0371 1.5682, 1.5744 0.035 1.5659, 1.5783 0.0349 1.5657, 1.5744 0.0348 1.5657, 1.5783 0.0348 1.5656, 1.5745 0.0323 1.5639, 1.5784 0.0324 1.564, 1.5745 0.0316 1.5634, 1.5784 0.0315 1.5634, 1.5745 0.0297 1.5627, 1.5784 0.0298 1.5627, 1.5745 0.0278 1.562, 1.5785 0.0276 1.5619, 1.5746 0.0266 1.5618, 1.5785 0.0267 1.5618, 1.5743 0.0397 1.5714, 1.5782 0.0398 1.5714, 1.5743 0.0397 1.5625, 1.5782 0.0398 1.5625, 1.574 0.0497 1.5625, 1.5779 0.0498 1.5625, 1.574 0.0497 1.5993, 1.5779 0.0498 1.5993, 1.5745 0.0291 1.621, 1.5785 0.0291 1.621, 1.5745 0.0324 1.6208, 1.5784 0.0326 1.6208, 1.5744 0.0344 1.6204, 1.5784 0.0345 1.6204, 1.5743 0.0384 1.6195, 1.5783 0.0386 1.6194, 1.5743 0.0386 1.6194, 1.5783 0.0387 1.6194, 1.5743 0.0412 1.6181, 1.5782 0.0413 1.6181, 1.5742 0.0419 1.6178, 1.5782 0.042 1.6177, 1.5742 0.0434 1.6166, 1.5781 0.0435 1.6165, 1.5742 0.0447 1.6154, 1.5781 0.0449 1.6154, 1.5742 0.0451 1.615, 1.5781 0.0452 1.615, 1.5741 0.0466 1.6128, 1.578 0.0467 1.6128, 1.5741 0.0469 1.6124, 1.578 0.047 1.6125, 1.5741 0.0479 1.61, 1.578 0.0479 1.61, 1.5741 0.0485 1.6084, 1.578 0.0487 1.6081, 1.574 0.0488 1.6061, 1.578 0.0489 1.6061, 1.5748 0.0094 1.6157, 1.5787 0.0094 1.6157, 1.5748 0.0116 1.6169, 1.5787 0.0112 1.6167, 1.5747 0.0146 1.618, 1.5787 0.0147 1.618, 1.5747 0.0199 1.6199, 1.5786 0.0199 1.6199, 1.5746 0.021 1.62, 1.5786 0.0211 1.62, 1.5786 0.0187 1.5871, 1.5786 0.0202 1.5879, 1.5786 0.0213 1.5882, 1.5785 0.0264 1.5894, 1.5784 0.0331 1.5903, 1.5782 0.0398 1.5912, 1.5783 0.0351 1.5738, 1.5784 0.0328 1.572, 1.5784 0.0319 1.5714, 1.5784 0.0303 1.5707, 1.5785 0.0286 1.57, 1.5785 0.0276 1.5699, 1.5785 0.0246 1.5694, 1.5786 0.0229 1.5696, 1.5786 0.0195 1.5705, 1.5786 0.0207 1.5701, 1.5786 0.0224 1.5696, 1.5786 0.0169 1.572, 1.5786 0.0187 1.5709, 1.5787 0.0148 1.5747, 1.5787 0.015 1.5743, 1.5786 0.0159 1.5731, 1.5786 0.0161 1.5729, 1.5787 0.0153 1.584, 1.5787 0.0148 1.5828, 1.5787 0.0144 1.5816, 1.5787 0.0143 1.5809, 1.5787 0.014 1.5787, 1.5787 0.0142 1.5766, 1.5787 0.0143 1.576, 1.5787 0.0146 1.5753, 1.5787 0.0156 1.5844, 1.5786 0.0174 1.5865, 1.5786 0.0167 1.5859, 1.5786 0.017 1.5862, 1.5782 0.0398 1.5857, 1.5782 0.0394 1.5826, 1.5782 0.0392 1.5814, 1.5783 0.0385 1.5795, 1.5783 0.0377 1.5774, 1.5783 0.0372 1.5766, 1.5783 0.0355 1.5741, 1.5747 0.0169 1.572, 1.5747 0.016 1.5729, 1.5747 0.0159 1.573, 1.5747 0.015 1.5744, 1.5747 0.0147 1.5748, 1.5747 0.0145 1.5753, 1.5747 0.0143 1.5759, 1.5747 0.0142 1.5766, 1.5747 0.014 1.5787, 1.5746 0.0245 1.5694, 1.5746 0.0229 1.5696, 1.5746 0.0223 1.5696, 1.5747 0.0206 1.5701, 1.5747 0.0195 1.5705, 1.5747 0.0186 1.5709, 1.5744 0.0354 1.5741, 1.5744 0.035 1.5738, 1.5745 0.0327 1.572, 1.5745 0.0318 1.5714, 1.5745 0.0302 1.5707, 1.5745 0.0285 1.57, 1.5746 0.0276 1.5699, 1.5743 0.0397 1.5857, 1.5743 0.0393 1.5826, 1.5743 0.0391 1.5815, 1.5743 0.0384 1.5795, 1.5743 0.0376 1.5774, 1.5744 0.0371 1.5766, 1.5743 0.0397 1.5912, 1.5746 0.0263 1.5894, 1.5747 0.0166 1.5859, 1.5747 0.017 1.5862, 1.5747 0.0173 1.5864, 1.5747 0.0187 1.5871, 1.5747 0.02 1.5878, 1.5746 0.0213 1.5881, 1.5747 0.0143 1.5809, 1.5747 0.0144 1.5816, 1.5747 0.0148 1.5828, 1.5747 0.0153 1.584, 1.5747 0.0156 1.5844
            ]
        }
        coordIndex [
            0,1,2,-1,2,1,3,-1,4,5,0,-1,0,5,1,-1,6,7,4,-1,4,7,5,-1,8,9,6,-1,6,9,7,-1,10,11,8,-1,8,11,9,-1,12,13,10,-1,10,13,11,-1,14,15,12,-1,12,15,13,-1,16,17,14,-1,14,17,15,-1,18,19,16,-1,16,19,17,-1,20,21,18,-1,18,21,19,-1,22,23,20,-1,20,23,21,-1,3,23,2,-1,2,23,22,-1,19,21,23,-1,23,3,19,-1,19,3,1,-1,19,1,17,-1,13,15,11,-1,11,15,17,-1,11,17,9,-1,9,17,1,-1,9,1,7,-1,7,1,5,-1,24,25,26,-1,26,25,27,-1,26,27,28,-1,28,27,29,-1,28,29,30,-1,30,29,31,-1,30,31,32,-1,32,31,33,-1,32,33,34,-1,34,33,35,-1,34,35,36,-1,36,35,37,-1,38,39,40,-1,40,41,38,-1,38,41,42,-1,38,42,43,-1,43,42,44,-1,43,44,45,-1,45,44,46,-1,45,46,47,-1,47,46,48,-1,47,48,49,-1,49,48,50,-1,49,50,51,-1,51,50,52,-1,51,52,53,-1,53,52,54,-1,55,56,57,-1,57,56,54,-1,57,54,58,-1,58,54,52,-1,25,24,59,-1,59,24,60,-1,59,60,61,-1,61,60,62,-1,61,62,63,-1,63,62,64,-1,63,64,65,-1,65,64,66,-1,65,66,67,-1,67,66,68,-1,67,68,55,-1,55,68,69,-1,55,69,56,-1,40,39,70,-1,70,39,71,-1,70,71,72,-1,73,74,75,-1,75,74,76,-1,75,76,77,-1,77,76,78,-1,77,78,79,-1,79,78,80,-1,79,80,81,-1,81,80,82,-1,81,82,83,-1,83,82,84,-1,83,84,85,-1,85,84,86,-1,85,86,87,-1,87,86,88,-1,87,88,89,-1,89,88,90,-1,89,90,91,-1,91,90,92,-1,91,92,93,-1,93,92,94,-1,93,94,95,-1,95,94,96,-1,95,96,97,-1,97,96,98,-1,97,98,72,-1,72,98,70,-1,99,100,101,-1,101,100,102,-1,101,102,103,-1,74,73,104,-1,104,73,105,-1,104,105,106,-1,106,105,107,-1,106,107,108,-1,108,107,109,-1,108,109,110,-1,110,109,111,-1,110,111,112,-1,112,111,113,-1,112,113,99,-1,99,113,114,-1,99,114,100,-1,115,116,117,-1,117,116,118,-1,117,118,119,-1,119,118,120,-1,119,120,121,-1,121,120,122,-1,121,122,123,-1,123,122,124,-1,123,124,125,-1,125,124,126,-1,125,126,102,-1,102,126,103,-1,127,128,129,-1,129,128,130,-1,129,130,131,-1,131,130,132,-1,131,132,133,-1,133,132,134,-1,133,134,135,-1,135,134,136,-1,135,136,137,-1,137,136,138,-1,137,138,139,-1,139,138,140,-1,139,140,141,-1,141,140,142,-1,141,142,143,-1,143,142,144,-1,143,144,145,-1,145,144,146,-1,145,146,115,-1,115,146,116,-1,147,148,127,-1,127,148,128,-1,149,150,147,-1,147,150,148,-1,151,152,149,-1,149,152,150,-1,153,154,151,-1,151,154,152,-1,155,156,157,-1,157,156,158,-1,157,158,159,-1,159,158,160,-1,159,160,161,-1,161,160,162,-1,161,162,163,-1,163,162,164,-1,163,164,165,-1,165,164,166,-1,165,166,167,-1,167,166,168,-1,167,168,169,-1,169,168,170,-1,169,170,171,-1,171,170,172,-1,171,172,173,-1,173,172,174,-1,173,174,175,-1,175,174,176,-1,175,176,177,-1,177,176,178,-1,177,178,179,-1,179,178,180,-1,179,180,181,-1,181,180,182,-1,181,182,183,-1,183,182,184,-1,183,184,153,-1,153,184,154,-1,185,186,187,-1,187,186,188,-1,187,188,189,-1,189,188,190,-1,189,190,191,-1,191,190,192,-1,191,192,193,-1,193,192,194,-1,193,194,155,-1,155,194,156,-1,37,186,36,-1,36,186,185,-1,186,37,188,-1,188,37,35,-1,188,35,190,-1,190,35,33,-1,190,33,192,-1,192,33,31,-1,192,31,194,-1,55,57,166,-1,166,57,168,-1,31,29,194,-1,194,29,27,-1,194,27,156,-1,156,27,25,-1,156,25,158,-1,158,25,59,-1,158,59,160,-1,160,59,61,-1,160,61,162,-1,162,61,63,-1,162,63,164,-1,164,63,65,-1,164,65,166,-1,166,65,67,-1,166,67,55,-1,168,57,170,-1,170,57,58,-1,170,58,172,-1,172,58,52,-1,172,52,174,-1,174,52,50,-1,174,50,176,-1,176,50,48,-1,176,48,178,-1,178,48,180,-1,180,48,46,-1,180,46,182,-1,182,46,44,-1,182,44,184,-1,184,44,42,-1,184,42,41,-1,195,196,40,-1,40,196,197,-1,197,198,40,-1,40,198,199,-1,40,199,200,-1,130,201,132,-1,132,201,202,-1,132,202,134,-1,134,202,203,-1,134,203,136,-1,136,203,204,-1,136,204,138,-1,138,204,140,-1,140,204,205,-1,140,205,142,-1,142,205,206,-1,142,206,144,-1,144,206,207,-1,144,207,146,-1,146,207,208,-1,146,208,116,-1,209,118,210,-1,210,118,116,-1,210,116,211,-1,211,116,208,-1,212,124,213,-1,213,124,122,-1,213,122,209,-1,209,122,120,-1,209,120,118,-1,214,112,215,-1,215,112,99,-1,215,99,216,-1,216,99,101,-1,216,101,217,-1,217,101,103,-1,217,103,212,-1,212,103,126,-1,212,126,124,-1,86,84,218,-1,218,84,82,-1,218,82,219,-1,219,82,80,-1,219,80,220,-1,220,80,78,-1,220,78,221,-1,221,78,76,-1,221,76,222,-1,222,76,74,-1,222,74,223,-1,223,74,104,-1,223,104,224,-1,224,104,106,-1,224,106,225,-1,225,106,108,-1,225,108,214,-1,214,108,110,-1,214,110,112,-1,92,90,226,-1,226,90,218,-1,218,90,88,-1,218,88,86,-1,195,40,227,-1,227,40,70,-1,227,70,98,-1,226,228,92,-1,92,228,229,-1,92,229,94,-1,94,229,227,-1,94,227,96,-1,96,227,98,-1,41,40,184,-1,184,40,200,-1,184,200,154,-1,154,200,230,-1,154,230,231,-1,232,233,148,-1,148,233,234,-1,148,234,128,-1,128,234,235,-1,128,235,130,-1,130,235,236,-1,130,236,201,-1,150,152,148,-1,148,152,154,-1,148,154,232,-1,232,154,231,-1,212,237,217,-1,217,237,238,-1,217,238,216,-1,216,238,239,-1,216,239,215,-1,215,239,240,-1,215,240,214,-1,214,240,241,-1,214,241,225,-1,225,241,242,-1,225,242,224,-1,224,242,243,-1,224,243,223,-1,223,243,244,-1,223,244,222,-1,222,244,245,-1,207,246,208,-1,208,246,247,-1,208,247,211,-1,211,247,248,-1,211,248,210,-1,210,248,249,-1,210,249,209,-1,209,249,250,-1,209,250,213,-1,213,250,251,-1,213,251,212,-1,212,251,237,-1,236,252,201,-1,201,252,253,-1,201,253,202,-1,202,253,254,-1,202,254,203,-1,203,254,255,-1,203,255,204,-1,204,255,256,-1,204,256,205,-1,205,256,257,-1,205,257,206,-1,206,257,258,-1,206,258,207,-1,207,258,246,-1,230,259,231,-1,231,259,260,-1,231,260,232,-1,232,260,261,-1,232,261,233,-1,233,261,262,-1,233,262,234,-1,234,262,263,-1,234,263,235,-1,235,263,264,-1,235,264,236,-1,236,264,252,-1,200,265,230,-1,230,265,259,-1,265,200,266,-1,266,200,199,-1,266,199,198,-1,228,267,229,-1,229,267,268,-1,229,268,227,-1,227,268,269,-1,227,269,195,-1,195,269,270,-1,195,270,196,-1,196,270,271,-1,196,271,197,-1,197,271,272,-1,197,272,198,-1,198,272,266,-1,222,245,221,-1,221,245,273,-1,221,273,220,-1,220,273,274,-1,220,274,219,-1,219,274,275,-1,219,275,218,-1,218,275,276,-1,218,276,226,-1,226,276,277,-1,226,277,228,-1,228,277,267,-1,
        ]
    }
}
Shape{
    appearance Appearance {
        material  Material 	{
            diffuseColor 1.0 1.0 1.0
            specularColor 0.5019607843137255 0.5019607843137255 0.5019607843137255
            ambientIntensity 1.0
            transparency 0.0
            shininess 0.5
        }
    }
    geometry IndexedFaceSet {
        ccw TRUE
        solid FALSE
        coord DEF co Coordinate {
            point [
                1.5746 0.0263 1.5894, 1.5746 0.0213 1.5881, 1.5747 0.0145 1.5753, 1.5747 0.02 1.5878, 1.5747 0.0187 1.5871, 1.5747 0.0173 1.5864, 1.5747 0.017 1.5862, 1.5747 0.0166 1.5859, 1.5747 0.0156 1.5844, 1.5747 0.014 1.5787, 1.5747 0.0142 1.5766, 1.5747 0.0143 1.5809, 1.5747 0.0148 1.5828, 1.5747 0.0144 1.5816, 1.5747 0.0153 1.584, 1.5747 0.0143 1.5759, 1.5743 0.0397 1.5912, 1.5747 0.0147 1.5748, 1.5747 0.015 1.5744, 1.5747 0.0159 1.573, 1.5747 0.016 1.5729, 1.5747 0.0169 1.572, 1.5747 0.0186 1.5709, 1.5747 0.0195 1.5705, 1.5747 0.0206 1.5701, 1.5746 0.0223 1.5696, 1.5746 0.0229 1.5696, 1.5746 0.0245 1.5694, 1.5746 0.0276 1.5699, 1.5745 0.0285 1.57, 1.5745 0.0302 1.5707, 1.5745 0.0318 1.5714, 1.5745 0.0327 1.572, 1.5744 0.035 1.5738, 1.5743 0.0382 1.5796, 1.5744 0.0371 1.5766, 1.5743 0.0376 1.5774, 1.5743 0.0384 1.5795, 1.5743 0.0391 1.5815, 1.5743 0.0393 1.5826, 1.5743 0.0397 1.5857, 1.5744 0.0354 1.5741
            ]
        }
        coordIndex [
            0,1,2,-1,1,3,2,-1,2,3,4,-1,2,4,5,-1,5,6,2,-1,2,6,7,-1,2,7,8,-1,9,10,11,-1,11,10,12,-1,11,12,13,-1,8,14,2,-1,2,14,12,-1,2,12,15,-1,15,12,10,-1,0,2,16,-1,16,2,17,-1,16,17,18,-1,18,19,16,-1,16,19,20,-1,16,20,21,-1,21,22,16,-1,16,22,23,-1,16,23,24,-1,24,25,16,-1,16,25,26,-1,16,26,27,-1,27,28,16,-1,16,28,29,-1,16,29,30,-1,30,31,16,-1,16,31,32,-1,16,32,33,-1,34,35,36,-1,36,37,34,-1,34,37,38,-1,34,38,39,-1,39,40,34,-1,34,40,16,-1,34,16,35,-1,35,16,33,-1,35,33,41,-1,
        ]
    }
}
Shape{
    appearance Appearance {
        material  Material 	{
            diffuseColor 0.0 0.0 0.0
            specularColor 0.0 0.0 0.0
            ambientIntensity 0.0
            transparency 0.0
            shininess 0.5
        }
    }
    geometry IndexedFaceSet {
        ccw TRUE
        solid FALSE
        coord DEF co Coordinate {
            point [
                1.5728 0.0788 1.5612, 1.5768 0.079 1.5612, 1.5729 0.0762 1.5615, 1.5769 0.0764 1.5615, 1.5732 0.0709 1.562, 1.5771 0.0708 1.5621, 1.5733 0.0695 1.5625, 1.5772 0.0697 1.5625, 1.5735 0.0633 1.5645, 1.5775 0.0635 1.5645, 1.5719 0.0954 1.5657, 1.5758 0.0957 1.5657, 1.5719 0.0946 1.5652, 1.5759 0.0948 1.5652, 1.572 0.0933 1.5645, 1.5759 0.0941 1.5647, 1.5722 0.0906 1.5634, 1.5761 0.0908 1.5635, 1.5724 0.0875 1.5623, 1.5763 0.0877 1.5623, 1.5725 0.0857 1.562, 1.5764 0.0859 1.562, 1.5715 0.1019 1.5781, 1.5754 0.1021 1.5781, 1.5715 0.1018 1.5772, 1.5754 0.102 1.5772, 1.5715 0.1013 1.5739, 1.5755 0.1016 1.574, 1.5715 0.1013 1.5737, 1.5755 0.1015 1.5737, 1.5716 0.1005 1.5716, 1.5755 0.1007 1.5716, 1.5716 0.1003 1.571, 1.5755 0.1005 1.5711, 1.5716 0.0995 1.5699, 1.5756 0.0997 1.5699, 1.5717 0.0986 1.5686, 1.5756 0.0991 1.5689, 1.5717 0.098 1.568, 1.5757 0.0982 1.5681, 1.5717 0.0985 1.5875, 1.5756 0.0988 1.5875, 1.5717 0.0992 1.5865, 1.5756 0.0995 1.5865, 1.5716 0.0999 1.5856, 1.5755 0.1001 1.5855, 1.5716 0.1005 1.584, 1.5755 0.1008 1.584, 1.5715 0.1012 1.5823, 1.5755 0.1015 1.5823, 1.5715 0.1014 1.5813, 1.5755 0.1016 1.5813, 1.5758 0.0962 1.5896, 1.5719 0.096 1.5896, 1.5758 0.0953 1.5903, 1.5719 0.0951 1.5903, 1.5761 0.0908 1.5925, 1.5722 0.0906 1.5926, 1.5764 0.0858 1.5949, 1.5723 0.0881 1.594, 1.5725 0.0856 1.5949, 1.5767 0.08 1.5978, 1.5728 0.0797 1.5976, 1.5768 0.0771 1.5991, 1.573 0.0759 1.5999, 1.5769 0.0761 1.5999, 1.5731 0.0737 1.6052, 1.577 0.0739 1.6052, 1.5731 0.0738 1.6041, 1.577 0.074 1.6041, 1.5731 0.074 1.6028, 1.577 0.0742 1.6028, 1.5731 0.074 1.6027, 1.577 0.0742 1.6027, 1.573 0.0743 1.6021, 1.577 0.0745 1.6021, 1.573 0.0744 1.6018, 1.577 0.0746 1.6019, 1.573 0.0747 1.6014, 1.5769 0.0749 1.6014, 1.5729 0.0767 1.6107, 1.5769 0.0769 1.6107, 1.573 0.0754 1.6095, 1.5769 0.0756 1.6095, 1.573 0.0752 1.6093, 1.5769 0.0753 1.6093, 1.573 0.0747 1.6086, 1.577 0.0749 1.6086, 1.573 0.0745 1.6084, 1.577 0.0747 1.6084, 1.573 0.0743 1.608, 1.577 0.0745 1.608, 1.5731 0.074 1.6073, 1.577 0.0742 1.6073, 1.5731 0.074 1.6072, 1.577 0.0742 1.6072, 1.5725 0.0846 1.6129, 1.5764 0.0848 1.6129, 1.5726 0.0833 1.6128, 1.5765 0.084 1.6128, 1.5727 0.0815 1.6124, 1.5766 0.0817 1.6124, 1.5728 0.0798 1.6121, 1.5767 0.08 1.6121, 1.5728 0.079 1.6118, 1.5767 0.0792 1.6118, 1.5717 0.0991 1.6087, 1.5756 0.0994 1.6087, 1.5717 0.0983 1.6092, 1.5756 0.0988 1.6091, 1.5719 0.0949 1.6106, 1.5759 0.0951 1.6106, 1.5721 0.0923 1.6117, 1.576 0.0925 1.6117, 1.5722 0.0902 1.6121, 1.5761 0.0904 1.6121, 1.5717 0.0991 1.6185, 1.5756 0.0994 1.6185, 1.5725 0.0856 1.621, 1.5764 0.0858 1.621, 1.5721 0.0912 1.6206, 1.5761 0.0914 1.6206, 1.5721 0.0926 1.6202, 1.576 0.0929 1.6202, 1.5732 0.0698 1.6165, 1.5772 0.07 1.6165, 1.5732 0.0705 1.6169, 1.5771 0.0707 1.6169, 1.5732 0.0716 1.6176, 1.5771 0.0714 1.6173, 1.573 0.0746 1.6188, 1.577 0.0748 1.6187, 1.5729 0.0774 1.6199, 1.5768 0.0776 1.6199, 1.5728 0.0794 1.6202, 1.5767 0.0796 1.6202, 1.5735 0.0634 1.6049, 1.5735 0.0634 1.6043, 1.5775 0.0635 1.6043, 1.5774 0.0642 1.6084, 1.5735 0.0639 1.6081, 1.5774 0.0639 1.6073, 1.5774 0.0636 1.6049, 1.5773 0.0674 1.614, 1.5734 0.0672 1.6141, 1.5773 0.0665 1.6132, 1.5734 0.0666 1.6135, 1.5774 0.0659 1.6122, 1.5734 0.0657 1.6123, 1.5774 0.0649 1.6106, 1.5735 0.0649 1.6111, 1.5774 0.0648 1.6105, 1.5735 0.0647 1.6105, 1.5735 0.0639 1.6084, 1.5734 0.0662 1.5952, 1.5773 0.0664 1.5952, 1.5734 0.0659 1.5957, 1.5773 0.066 1.5957, 1.5734 0.0654 1.5965, 1.5774 0.0657 1.5963, 1.5735 0.0647 1.5981, 1.5774 0.0649 1.5982, 1.5735 0.064 1.5999, 1.5774 0.0642 1.5999, 1.5735 0.0639 1.6009, 1.5774 0.064 1.6009, 1.5728 0.0785 1.5877, 1.5768 0.0787 1.5877, 1.573 0.0752 1.5892, 1.5769 0.0762 1.5887, 1.5731 0.0721 1.591, 1.5771 0.0723 1.591, 1.5733 0.0687 1.5929, 1.5772 0.0689 1.5929, 1.5733 0.068 1.5935, 1.5773 0.0682 1.5935, 1.5764 0.085 1.5848, 1.5725 0.0848 1.585, 1.5763 0.0883 1.5832, 1.5723 0.089 1.5825, 1.5762 0.0892 1.5825, 1.5721 0.0916 1.5771, 1.5761 0.0918 1.5771, 1.5721 0.0912 1.5788, 1.5761 0.0915 1.5788, 1.5722 0.0911 1.5793, 1.5761 0.0914 1.5793, 1.5722 0.0907 1.5801, 1.5761 0.0909 1.5801, 1.5722 0.0903 1.5811, 1.5761 0.0905 1.5811, 1.5722 0.09 1.5814, 1.5761 0.0902 1.5814, 1.5728 0.0798 1.5694, 1.5767 0.08 1.5694, 1.5726 0.0824 1.5695, 1.5766 0.0826 1.5695, 1.5726 0.0829 1.5696, 1.5765 0.0834 1.5696, 1.5724 0.0859 1.5702, 1.5764 0.0861 1.5702, 1.5724 0.0867 1.5703, 1.5763 0.087 1.5704, 1.5724 0.0876 1.5707, 1.5763 0.0878 1.5708, 1.5723 0.0879 1.5709, 1.5762 0.0887 1.5712, 1.5723 0.0885 1.5714, 1.5762 0.0888 1.5713, 1.5722 0.0895 1.5721, 1.5762 0.0898 1.5721, 1.5722 0.0897 1.5723, 1.5762 0.0899 1.5723, 1.5722 0.0904 1.5731, 1.5761 0.0906 1.5731, 1.5722 0.0904 1.5732, 1.5761 0.0908 1.5734, 1.5722 0.0908 1.574, 1.5761 0.0911 1.574, 1.5721 0.0912 1.5749, 1.5761 0.0914 1.575, 1.5721 0.0913 1.5753, 1.5761 0.0915 1.5753, 1.5735 0.0633 1.5749, 1.5775 0.0635 1.5749, 1.5735 0.064 1.5744, 1.5774 0.0642 1.5744, 1.5734 0.0655 1.5735, 1.5774 0.0656 1.5735, 1.5733 0.0692 1.5719, 1.5772 0.0694 1.5719, 1.5731 0.0724 1.5705, 1.5771 0.0726 1.5705, 1.573 0.0745 1.5702, 1.577 0.0747 1.5702, 1.569 0.1352 1.5743, 1.569 0.1345 1.572, 1.573 0.1349 1.572, 1.5729 0.1355 1.5743, 1.5728 0.1362 1.5766, 1.5689 0.1359 1.5766, 1.5691 0.1332 1.5767, 1.5731 0.1335 1.5767, 1.573 0.1342 1.5744, 1.5691 0.1338 1.5744, 1.5703 0.1183 1.6197, 1.5743 0.1186 1.6197, 1.5698 0.1257 1.5982, 1.5711 0.1071 1.6197, 1.5751 0.1073 1.6197, 1.5695 0.1295 1.5626, 1.5734 0.1298 1.5626, 1.5703 0.1183 1.5912, 1.5698 0.1251 1.5523, 1.5737 0.1254 1.5523, 1.5705 0.1155 1.5443, 1.5706 0.1148 1.5442, 1.5745 0.1151 1.5442, 1.5745 0.1158 1.5443, 1.5744 0.1175 1.5445, 1.5704 0.1179 1.5448, 1.5743 0.1182 1.5448, 1.5703 0.1185 1.5449, 1.5742 0.1196 1.5453, 1.5703 0.1194 1.5454, 1.5742 0.1197 1.5454, 1.5702 0.1205 1.5459, 1.5741 0.121 1.5462, 1.5702 0.1207 1.5461, 1.5701 0.1214 1.5466, 1.5741 0.1214 1.5464, 1.5701 0.122 1.5474, 1.5739 0.1235 1.549, 1.57 0.1231 1.5486, 1.5739 0.123 1.5481, 1.574 0.1223 1.5474, 1.57 0.1233 1.549, 1.5747 0.1122 1.5447, 1.5708 0.1119 1.5446, 1.5749 0.1103 1.545, 1.571 0.1091 1.5453, 1.5749 0.1094 1.5453, 1.571 0.1091 1.5364, 1.5749 0.1094 1.5364, 1.5705 0.1156 1.5356, 1.5745 0.1159 1.5356, 1.5708 0.1121 1.5358, 1.569 0.1352 1.5521, 1.5689 0.1359 1.5539, 1.5728 0.1363 1.5539, 1.5691 0.1332 1.5487, 1.5733 0.1302 1.5432, 1.5694 0.1303 1.5436, 1.5732 0.1318 1.5452, 1.5731 0.1336 1.5486, 1.5742 0.1195 1.5362, 1.5703 0.1192 1.5362, 1.5741 0.1206 1.5363, 1.5702 0.1203 1.5363, 1.574 0.1225 1.5371, 1.57 0.1222 1.5371, 1.5738 0.1244 1.5379, 1.5699 0.1241 1.5379, 1.5737 0.1255 1.5387, 1.5698 0.1252 1.5387, 1.5735 0.128 1.5406, 1.5696 0.1278 1.5407, 1.5735 0.1282 1.5408, 1.5696 0.1279 1.5408, 1.5694 0.13 1.5432, 1.5665 0.1618 1.6197, 1.5704 0.1622 1.6197, 1.5677 0.1489 1.5868, 1.5675 0.1514 1.6197, 1.5714 0.1518 1.6197, 1.5682 0.1437 1.5982, 1.5641 0.1828 1.5986, 1.5681 0.1832 1.5986, 1.5641 0.1828 1.5717, 1.5681 0.1832 1.5717, 1.5606 0.2112 1.5986, 1.5645 0.2117 1.5986, 1.5606 0.2112 1.6078, 1.5645 0.2117 1.6078, 1.5641 0.1828 1.6078, 1.5681 0.1832 1.6078, 1.5641 0.1828 1.6334, 1.5681 0.1832 1.6334, 1.5603 0.2134 1.6334, 1.5642 0.214 1.6334, 1.5603 0.2134 1.6426, 1.5642 0.214 1.6426, 1.5653 0.1725 1.6426, 1.5692 0.1729 1.6426, 1.5653 0.1725 1.5625, 1.5692 0.1729 1.5625, 1.56 0.2153 1.5625, 1.5639 0.2158 1.5625, 1.56 0.2153 1.5717, 1.5639 0.2158 1.5717, 1.5582 0.2534 1.6426, 1.5544 0.2528 1.6426, 1.5618 0.2308 1.6426, 1.5579 0.2302 1.6426, 1.553 0.2609 1.6416, 1.5569 0.2616 1.6416, 1.5523 0.2653 1.641, 1.5562 0.266 1.641, 1.5517 0.2689 1.6396, 1.5555 0.2696 1.6396, 1.5505 0.2753 1.6371, 1.5544 0.2759 1.6371, 1.5504 0.2762 1.6364, 1.5543 0.2769 1.6364, 1.5492 0.2826 1.632, 1.5531 0.2833 1.632, 1.5486 0.286 1.6285, 1.5486 0.2858 1.6287, 1.5525 0.2864 1.6287, 1.5526 0.2863 1.629, 1.548 0.2892 1.6237, 1.5519 0.29 1.6237, 1.5477 0.2907 1.6215, 1.5517 0.2908 1.6226, 1.5475 0.2917 1.6187, 1.5511 0.294 1.6129, 1.5472 0.2933 1.6142, 1.5512 0.2937 1.6155, 1.5514 0.2924 1.6187, 1.5509 0.2952 1.6036, 1.547 0.2945 1.6036, 1.5472 0.2934 1.6129, 1.5471 0.2941 1.5968, 1.5471 0.2942 1.5998, 1.5509 0.295 1.5998, 1.5509 0.2951 1.6004, 1.5473 0.2928 1.5914, 1.5512 0.2935 1.5914, 1.5475 0.2921 1.5882, 1.5513 0.2932 1.5895, 1.5477 0.2907 1.5854, 1.5522 0.2884 1.5801, 1.5481 0.2885 1.5809, 1.5519 0.2898 1.5818, 1.5516 0.2914 1.5854, 1.5531 0.2833 1.5737, 1.5492 0.2826 1.5737, 1.5483 0.2878 1.58, 1.5505 0.2755 1.5685, 1.5544 0.2761 1.5686, 1.5506 0.2749 1.568, 1.5547 0.2745 1.5675, 1.5516 0.2693 1.5657, 1.5555 0.27 1.5657, 1.5521 0.2664 1.5644, 1.5562 0.2658 1.5641, 1.5528 0.2624 1.5639, 1.5566 0.263 1.5638, 1.5545 0.252 1.5625, 1.5584 0.2526 1.5625, 1.5618 0.2308 1.5625, 1.5579 0.2302 1.5625, 1.5544 0.2761 1.58, 1.5546 0.2748 1.5791, 1.5554 0.2706 1.576, 1.5555 0.27 1.5755, 1.5561 0.2664 1.574, 1.5565 0.2639 1.573, 1.5569 0.2614 1.5727, 1.5584 0.2526 1.5717, 1.5602 0.241 1.5717, 1.5602 0.241 1.6334, 1.5583 0.253 1.6334, 1.5573 0.2593 1.6327, 1.5568 0.2621 1.6324, 1.5562 0.2656 1.6312, 1.5555 0.2696 1.6298, 1.5553 0.2709 1.629, 1.5544 0.2759 1.6259, 1.554 0.2782 1.6234, 1.554 0.2783 1.6234, 1.5536 0.2808 1.6196, 1.5534 0.2814 1.6186, 1.5533 0.2825 1.6158, 1.5538 0.2794 1.5843, 1.5536 0.2807 1.5861, 1.5534 0.2816 1.5884, 1.5531 0.2832 1.5925, 1.5531 0.2833 1.5929, 1.5529 0.2842 1.5999, 1.5529 0.2845 1.6021, 1.5529 0.2845 1.6033, 1.553 0.2836 1.6112, 1.5531 0.2834 1.6131, 1.5545 0.2519 1.5717, 1.5563 0.2404 1.5717, 1.5505 0.2754 1.58, 1.5506 0.2747 1.5794, 1.5507 0.2742 1.579, 1.5515 0.2699 1.576, 1.5517 0.2687 1.5752, 1.5522 0.2657 1.574, 1.5528 0.2624 1.5728, 1.553 0.2608 1.5726, 1.549 0.2838 1.6033, 1.549 0.2836 1.5999, 1.549 0.2836 1.5987, 1.5493 0.2824 1.593, 1.5493 0.2819 1.5906, 1.5495 0.2809 1.5884, 1.5498 0.2793 1.585, 1.5499 0.2787 1.5843, 1.5506 0.2752 1.6259, 1.5502 0.2774 1.6236, 1.5501 0.2775 1.6234, 1.5497 0.2801 1.6196, 1.5492 0.2829 1.6112, 1.5492 0.2827 1.6132, 1.5494 0.2818 1.6158, 1.5496 0.2808 1.6185, 1.5544 0.2524 1.6334, 1.5534 0.2587 1.6327, 1.5529 0.2614 1.6324, 1.5523 0.2649 1.6312, 1.5517 0.2689 1.6298, 1.5514 0.2702 1.629, 1.5563 0.2404 1.6334
            ]
        }
        coordIndex [
            0,1,2,-1,2,1,3,-1,2,3,4,-1,4,3,5,-1,4,5,6,-1,6,5,7,-1,6,7,8,-1,8,7,9,-1,10,11,12,-1,12,11,13,-1,12,13,14,-1,14,13,15,-1,14,15,16,-1,16,15,17,-1,16,17,18,-1,18,17,19,-1,18,19,20,-1,20,19,21,-1,20,21,0,-1,0,21,1,-1,22,23,24,-1,24,23,25,-1,24,25,26,-1,26,25,27,-1,26,27,28,-1,28,27,29,-1,28,29,30,-1,30,29,31,-1,30,31,32,-1,32,31,33,-1,32,33,34,-1,34,33,35,-1,34,35,36,-1,36,35,37,-1,36,37,38,-1,38,37,39,-1,38,39,10,-1,10,39,11,-1,40,41,42,-1,42,41,43,-1,42,43,44,-1,44,43,45,-1,44,45,46,-1,46,45,47,-1,46,47,48,-1,48,47,49,-1,48,49,50,-1,50,49,51,-1,50,51,22,-1,22,51,23,-1,41,40,52,-1,52,40,53,-1,52,53,54,-1,54,53,55,-1,54,55,56,-1,56,55,57,-1,56,57,58,-1,58,57,59,-1,58,59,60,-1,58,60,61,-1,61,60,62,-1,61,62,63,-1,63,62,64,-1,63,64,65,-1,66,67,68,-1,68,67,69,-1,68,69,70,-1,70,69,71,-1,70,71,72,-1,72,71,73,-1,72,73,74,-1,74,73,75,-1,74,75,76,-1,76,75,77,-1,76,77,78,-1,78,77,79,-1,78,79,64,-1,64,79,65,-1,80,81,82,-1,82,81,83,-1,82,83,84,-1,84,83,85,-1,84,85,86,-1,86,85,87,-1,86,87,88,-1,88,87,89,-1,88,89,90,-1,90,89,91,-1,90,91,92,-1,92,91,93,-1,92,93,94,-1,94,93,95,-1,94,95,66,-1,66,95,67,-1,96,97,98,-1,98,97,99,-1,98,99,100,-1,100,99,101,-1,100,101,102,-1,102,101,103,-1,102,103,104,-1,104,103,105,-1,104,105,80,-1,80,105,81,-1,106,107,108,-1,108,107,109,-1,108,109,110,-1,110,109,111,-1,110,111,112,-1,112,111,113,-1,112,113,114,-1,114,113,115,-1,114,115,96,-1,96,115,97,-1,116,117,106,-1,106,117,107,-1,118,119,120,-1,120,119,121,-1,120,121,122,-1,122,121,123,-1,122,123,116,-1,116,123,117,-1,124,125,126,-1,126,125,127,-1,126,127,128,-1,128,127,129,-1,128,129,130,-1,130,129,131,-1,130,131,132,-1,132,131,133,-1,132,133,134,-1,134,133,135,-1,134,135,118,-1,118,135,119,-1,136,137,138,-1,139,140,141,-1,141,140,136,-1,141,136,142,-1,142,136,138,-1,125,124,143,-1,143,124,144,-1,143,144,145,-1,145,144,146,-1,145,146,147,-1,147,146,148,-1,147,148,149,-1,149,148,150,-1,149,150,151,-1,151,150,152,-1,151,152,139,-1,139,152,153,-1,139,153,140,-1,154,155,156,-1,156,155,157,-1,156,157,158,-1,158,157,159,-1,158,159,160,-1,160,159,161,-1,160,161,162,-1,162,161,163,-1,162,163,164,-1,164,163,165,-1,164,165,137,-1,137,165,138,-1,166,167,168,-1,168,167,169,-1,168,169,170,-1,170,169,171,-1,170,171,172,-1,172,171,173,-1,172,173,174,-1,174,173,175,-1,174,175,154,-1,154,175,155,-1,167,166,176,-1,176,166,177,-1,176,177,178,-1,178,177,179,-1,178,179,180,-1,181,182,183,-1,183,182,184,-1,183,184,185,-1,185,184,186,-1,185,186,187,-1,187,186,188,-1,187,188,189,-1,189,188,190,-1,189,190,191,-1,191,190,192,-1,191,192,179,-1,179,192,180,-1,193,194,195,-1,195,194,196,-1,195,196,197,-1,197,196,198,-1,197,198,199,-1,199,198,200,-1,199,200,201,-1,201,200,202,-1,201,202,203,-1,203,202,204,-1,203,204,205,-1,205,204,206,-1,205,206,207,-1,207,206,208,-1,207,208,209,-1,209,208,210,-1,209,210,211,-1,211,210,212,-1,211,212,213,-1,213,212,214,-1,213,214,215,-1,215,214,216,-1,215,216,217,-1,217,216,218,-1,217,218,219,-1,219,218,220,-1,219,220,221,-1,221,220,222,-1,221,222,181,-1,181,222,182,-1,223,224,225,-1,225,224,226,-1,225,226,227,-1,227,226,228,-1,227,228,229,-1,229,228,230,-1,229,230,231,-1,231,230,232,-1,231,232,233,-1,233,232,234,-1,233,234,193,-1,193,234,194,-1,9,224,8,-1,8,224,223,-1,226,224,9,-1,180,54,178,-1,178,54,56,-1,178,56,176,-1,176,56,58,-1,176,58,167,-1,167,58,61,-1,167,61,169,-1,169,61,63,-1,169,63,171,-1,186,47,188,-1,188,47,45,-1,188,45,190,-1,190,45,43,-1,190,43,192,-1,192,43,41,-1,192,41,180,-1,180,41,52,-1,180,52,54,-1,182,23,184,-1,184,23,51,-1,184,51,186,-1,186,51,49,-1,186,49,47,-1,171,63,173,-1,173,63,65,-1,173,65,175,-1,175,65,79,-1,175,79,155,-1,95,141,67,-1,67,141,142,-1,67,142,69,-1,69,142,138,-1,69,138,71,-1,71,138,165,-1,71,165,73,-1,73,165,163,-1,73,163,75,-1,75,163,161,-1,75,161,77,-1,77,161,159,-1,77,159,79,-1,79,159,157,-1,79,157,155,-1,145,147,91,-1,91,147,149,-1,91,149,93,-1,93,149,151,-1,93,151,95,-1,95,151,139,-1,95,139,141,-1,91,89,145,-1,145,89,87,-1,145,87,143,-1,143,87,85,-1,143,85,125,-1,125,85,83,-1,125,83,127,-1,127,83,81,-1,127,81,129,-1,129,81,131,-1,131,81,105,-1,131,105,133,-1,133,105,103,-1,133,103,135,-1,135,103,101,-1,135,101,119,-1,101,99,119,-1,119,99,97,-1,119,97,121,-1,121,97,115,-1,121,115,123,-1,115,113,123,-1,123,113,111,-1,123,111,117,-1,117,111,109,-1,117,109,107,-1,33,31,220,-1,220,31,222,-1,31,29,222,-1,222,29,27,-1,222,27,182,-1,182,27,25,-1,182,25,23,-1,33,220,35,-1,35,220,218,-1,35,218,37,-1,37,218,216,-1,37,216,39,-1,216,214,39,-1,39,214,212,-1,39,212,11,-1,11,212,210,-1,11,210,13,-1,13,210,208,-1,13,208,15,-1,208,206,15,-1,15,206,204,-1,15,204,17,-1,17,204,202,-1,17,202,19,-1,19,202,200,-1,19,200,21,-1,200,198,21,-1,21,198,196,-1,21,196,1,-1,1,196,194,-1,1,194,3,-1,3,194,234,-1,3,234,5,-1,5,234,7,-1,234,232,7,-1,7,232,230,-1,7,230,9,-1,9,230,228,-1,9,228,226,-1,235,236,237,-1,237,238,235,-1,235,238,239,-1,235,239,240,-1,241,242,243,-1,241,243,244,-1,244,243,237,-1,244,237,236,-1,245,246,247,-1,247,246,242,-1,247,242,241,-1,248,249,245,-1,245,249,246,-1,250,251,252,-1,252,251,249,-1,252,249,248,-1,253,254,250,-1,250,254,251,-1,255,256,257,-1,257,258,255,-1,255,258,259,-1,255,259,260,-1,260,259,261,-1,260,261,262,-1,262,261,263,-1,262,263,264,-1,264,263,265,-1,264,265,266,-1,266,265,267,-1,266,267,268,-1,268,267,269,-1,269,267,270,-1,269,270,271,-1,272,273,274,-1,274,273,271,-1,274,271,275,-1,275,271,270,-1,254,253,272,-1,272,253,276,-1,272,276,273,-1,257,256,277,-1,277,256,278,-1,277,278,279,-1,279,278,280,-1,279,280,281,-1,282,283,280,-1,280,283,281,-1,284,285,286,-1,286,285,283,-1,286,283,282,-1,287,288,289,-1,287,289,290,-1,291,292,293,-1,293,292,290,-1,293,290,294,-1,294,290,289,-1,285,284,295,-1,295,284,296,-1,295,296,297,-1,297,296,298,-1,297,298,299,-1,299,298,300,-1,299,300,301,-1,301,300,302,-1,301,302,303,-1,303,302,304,-1,303,304,305,-1,305,304,306,-1,305,306,307,-1,307,306,308,-1,307,308,291,-1,291,308,309,-1,291,309,292,-1,310,311,312,-1,312,311,289,-1,312,289,288,-1,313,314,310,-1,310,314,311,-1,240,239,315,-1,315,239,314,-1,315,314,313,-1,311,314,289,-1,289,314,239,-1,239,238,289,-1,289,238,237,-1,289,237,294,-1,246,249,242,-1,242,249,251,-1,242,251,243,-1,243,251,237,-1,237,251,294,-1,294,251,254,-1,294,254,293,-1,293,254,272,-1,293,272,291,-1,272,274,291,-1,291,274,275,-1,291,275,307,-1,307,275,270,-1,307,270,305,-1,305,270,303,-1,303,270,267,-1,303,267,301,-1,301,267,265,-1,301,265,299,-1,299,265,263,-1,299,263,297,-1,297,263,261,-1,297,261,295,-1,261,259,295,-1,295,259,258,-1,295,258,285,-1,258,257,285,-1,285,257,277,-1,285,277,283,-1,283,277,279,-1,283,279,281,-1,316,317,318,-1,318,317,319,-1,320,321,316,-1,316,321,317,-1,322,323,320,-1,320,323,321,-1,324,325,322,-1,322,325,323,-1,326,327,324,-1,324,327,325,-1,328,329,326,-1,326,329,327,-1,330,331,328,-1,328,331,329,-1,332,333,330,-1,330,333,331,-1,334,335,332,-1,332,335,333,-1,336,337,334,-1,334,337,335,-1,338,339,336,-1,336,339,337,-1,319,339,318,-1,318,339,338,-1,335,337,339,-1,339,319,335,-1,335,319,317,-1,335,317,333,-1,329,331,327,-1,327,331,333,-1,327,333,325,-1,325,333,317,-1,325,317,323,-1,323,317,321,-1,340,341,342,-1,342,341,343,-1,341,340,344,-1,344,340,345,-1,344,345,346,-1,346,345,347,-1,346,347,348,-1,348,347,349,-1,348,349,350,-1,350,349,351,-1,350,351,352,-1,352,351,353,-1,352,353,354,-1,354,353,355,-1,356,357,358,-1,358,357,359,-1,359,357,354,-1,359,354,355,-1,356,358,360,-1,360,358,361,-1,360,361,362,-1,362,361,363,-1,362,363,364,-1,365,366,367,-1,367,366,364,-1,367,364,368,-1,368,364,363,-1,369,370,365,-1,365,370,371,-1,365,371,366,-1,372,373,374,-1,374,373,375,-1,375,373,370,-1,375,370,369,-1,372,374,376,-1,376,374,377,-1,376,377,378,-1,378,377,379,-1,378,379,380,-1,381,382,383,-1,383,382,380,-1,383,380,384,-1,384,380,379,-1,385,386,381,-1,381,386,387,-1,381,387,382,-1,386,385,388,-1,388,385,389,-1,388,389,390,-1,390,389,391,-1,390,391,392,-1,392,391,393,-1,392,393,394,-1,394,393,395,-1,394,395,396,-1,396,395,397,-1,396,397,398,-1,398,397,399,-1,400,401,399,-1,399,401,398,-1,343,401,342,-1,342,401,400,-1,385,402,403,-1,385,403,389,-1,389,403,404,-1,389,404,391,-1,391,404,405,-1,391,405,393,-1,393,405,406,-1,393,406,395,-1,395,406,407,-1,395,407,397,-1,397,407,408,-1,397,408,399,-1,399,408,409,-1,399,409,400,-1,400,409,410,-1,400,410,342,-1,342,410,411,-1,342,411,340,-1,340,411,412,-1,340,412,345,-1,345,412,413,-1,345,413,347,-1,347,413,414,-1,347,414,349,-1,349,414,415,-1,349,415,351,-1,415,416,351,-1,351,416,417,-1,351,417,353,-1,353,417,418,-1,353,418,355,-1,355,418,419,-1,355,419,359,-1,359,419,420,-1,359,420,358,-1,358,420,421,-1,358,421,361,-1,361,421,422,-1,361,422,363,-1,363,422,423,-1,402,385,424,-1,424,385,381,-1,424,381,425,-1,425,381,383,-1,425,383,426,-1,426,383,384,-1,426,384,427,-1,427,384,379,-1,427,379,428,-1,428,379,377,-1,428,377,429,-1,429,377,374,-1,429,374,430,-1,430,374,375,-1,430,375,431,-1,431,375,369,-1,431,369,432,-1,432,369,365,-1,432,365,433,-1,433,365,367,-1,433,367,423,-1,423,367,368,-1,423,368,363,-1,409,434,410,-1,410,434,435,-1,403,402,436,-1,436,437,403,-1,403,437,438,-1,403,438,404,-1,404,438,439,-1,404,439,405,-1,405,439,440,-1,405,440,406,-1,406,440,441,-1,406,441,407,-1,407,441,442,-1,407,442,408,-1,408,442,443,-1,408,443,409,-1,409,443,434,-1,430,431,444,-1,430,444,429,-1,444,445,429,-1,429,445,446,-1,429,446,428,-1,428,446,447,-1,428,447,427,-1,427,447,448,-1,427,448,426,-1,426,448,449,-1,426,449,425,-1,425,449,450,-1,425,450,424,-1,424,450,451,-1,424,451,402,-1,402,451,436,-1,419,418,452,-1,452,453,419,-1,419,453,454,-1,419,454,420,-1,420,454,455,-1,444,431,456,-1,456,431,432,-1,456,432,457,-1,457,432,433,-1,457,433,458,-1,458,433,423,-1,458,423,459,-1,459,423,422,-1,459,422,455,-1,455,422,421,-1,455,421,420,-1,412,460,413,-1,413,460,461,-1,413,461,414,-1,414,461,462,-1,414,462,415,-1,415,462,463,-1,415,463,416,-1,416,463,464,-1,416,464,417,-1,417,464,465,-1,417,465,418,-1,418,465,452,-1,411,466,412,-1,412,466,460,-1,411,410,466,-1,466,410,435,-1,
        ]
    }
}
Shape{
    appearance Appearance {
        material  Material 	{
            diffuseColor 1.0 1.0 1.0
            specularColor 0.5019607843137255 0.5019607843137255 0.5019607843137255
            ambientIntensity 1.0
            transparency 0.0
            shininess 0.5
        }
    }
    geometry IndexedFaceSet {
        ccw TRUE
        solid FALSE
        coord DEF co Coordinate {
            point [
                1.5545 0.2519 1.5717, 1.553 0.2608 1.5726, 1.5501 0.2775 1.6234, 1.5528 0.2624 1.5728, 1.5522 0.2657 1.574, 1.5517 0.2687 1.5752, 1.5515 0.2699 1.576, 1.5507 0.2742 1.579, 1.5506 0.2747 1.5794, 1.5497 0.2798 1.5863, 1.5505 0.2754 1.58, 1.5499 0.2787 1.5843, 1.5498 0.2793 1.585, 1.5495 0.2809 1.5884, 1.5493 0.2819 1.5906, 1.5493 0.2824 1.593, 1.549 0.2836 1.5987, 1.549 0.2836 1.5999, 1.549 0.2838 1.6033, 1.5492 0.2829 1.6112, 1.5492 0.2827 1.6132, 1.5494 0.2818 1.6158, 1.5496 0.2808 1.6185, 1.5497 0.2801 1.6196, 1.5506 0.2752 1.6259, 1.5514 0.2702 1.629, 1.5563 0.2404 1.5717, 1.5502 0.2774 1.6236, 1.5517 0.2689 1.6298, 1.5523 0.2649 1.6312, 1.5529 0.2614 1.6324, 1.5534 0.2587 1.6327, 1.5544 0.2524 1.6334, 1.5563 0.2404 1.6334
            ]
        }
        coordIndex [
            0,1,2,-1,2,1,3,-1,2,3,4,-1,4,5,6,-1,7,8,9,-1,9,8,10,-1,9,10,11,-1,11,12,9,-1,9,12,13,-1,9,13,7,-1,7,13,6,-1,6,13,4,-1,4,13,14,-1,4,14,15,-1,15,16,4,-1,4,16,17,-1,4,17,18,-1,18,19,4,-1,4,19,20,-1,4,20,21,-1,21,22,4,-1,4,22,23,-1,4,23,2,-1,24,25,26,-1,0,2,26,-1,26,2,27,-1,26,27,24,-1,25,28,26,-1,26,28,29,-1,26,29,30,-1,30,31,26,-1,26,31,32,-1,26,32,33,-1,
        ]
    }
}
Shape{
    appearance Appearance {
        material  Material 	{
            diffuseColor 0.0 0.0 0.0
            specularColor 0.0 0.0 0.0
            ambientIntensity 0.0
            transparency 0.0
            shininess 0.5
        }
    }
    geometry IndexedFaceSet {
        ccw TRUE
        solid FALSE
        coord DEF co Coordinate {
            point [
                1.5462 0.2989 1.5625, 1.55 0.2996 1.5625, 1.5432 0.3138 1.6026, 1.5439 0.3296 1.6426, 1.5401 0.3287 1.6426, 1.544 0.3101 1.5625, 1.5478 0.3108 1.5625, 1.5424 0.3176 1.5844, 1.5463 0.3184 1.5844, 1.5432 0.3138 1.5735, 1.5354 0.3502 1.5844, 1.5392 0.3511 1.5844, 1.5374 0.359 1.5625, 1.5344 0.3542 1.5735, 1.5335 0.3581 1.5625, 1.5309 0.3693 1.5625, 1.5347 0.3702 1.5625, 1.5377 0.3395 1.6426, 1.5416 0.3404 1.6426, 1.5344 0.3544 1.6026, 1.5399 0.3479 1.5935, 1.5456 0.3216 1.5935, 1.5444 0.3275 1.6101, 1.5431 0.3334 1.6268, 1.543 0.3341 1.6296, 1.5428 0.3348 1.6324, 1.5427 0.3355 1.6296, 1.5425 0.3361 1.6268, 1.5412 0.342 1.6101, 1.5391 0.3333 1.6296, 1.539 0.334 1.6324, 1.5393 0.3325 1.6268, 1.5387 0.3353 1.6268, 1.5388 0.3347 1.6296, 1.5361 0.3471 1.5935, 1.5418 0.3208 1.5935
            ]
        }
        coordIndex [
            0,1,2,-1,2,1,3,-1,2,3,4,-1,5,6,0,-1,0,6,1,-1,7,8,9,-1,9,8,6,-1,9,6,5,-1,10,11,7,-1,7,11,8,-1,11,10,12,-1,12,10,13,-1,12,13,14,-1,15,16,14,-1,14,16,12,-1,17,18,19,-1,19,18,16,-1,19,16,15,-1,3,18,4,-1,4,18,17,-1,1,6,8,-1,11,20,8,-1,8,20,21,-1,8,21,1,-1,1,21,22,-1,1,22,3,-1,3,22,23,-1,23,24,3,-1,3,24,25,-1,3,25,18,-1,18,25,26,-1,18,26,27,-1,27,28,18,-1,18,28,20,-1,18,20,16,-1,16,20,11,-1,16,11,12,-1,29,30,25,-1,25,24,29,-1,29,24,23,-1,29,23,31,-1,32,27,26,-1,32,26,33,-1,33,26,25,-1,33,25,30,-1,27,32,28,-1,28,32,34,-1,28,34,20,-1,35,21,34,-1,34,21,20,-1,21,35,22,-1,22,35,31,-1,22,31,23,-1,
        ]
    }
}
Shape{
    appearance Appearance {
        material  Material 	{
            diffuseColor 1.0 1.0 1.0
            specularColor 0.5019607843137255 0.5019607843137255 0.5019607843137255
            ambientIntensity 1.0
            transparency 0.0
            shininess 0.5
        }
    }
    geometry IndexedFaceSet {
        ccw TRUE
        solid FALSE
        coord DEF co Coordinate {
            point [
                1.5418 0.3208 1.5935, 1.5361 0.3471 1.5935, 1.5393 0.3325 1.6268, 1.5387 0.3353 1.6268, 1.5391 0.3333 1.6296, 1.5388 0.3347 1.6296, 1.539 0.334 1.6324
            ]
        }
        coordIndex [
            0,1,2,-1,2,1,3,-1,2,3,4,-1,4,3,5,-1,4,5,6,-1,
        ]
    }
}
Shape{
    appearance Appearance {
        material  Material 	{
            diffuseColor 0.0 0.0 0.0
            specularColor 0.0 0.0 0.0
            ambientIntensity 0.0
            transparency 0.0
            shininess 0.5
        }
    }
    geometry IndexedFaceSet {
        ccw TRUE
        solid FALSE
        coord DEF co Coordinate {
            point [
                1.563 -0.2221 1.7755, 1.5658 -0.2015 1.7615, 1.5619 -0.201 1.7615, 1.5502 -0.2775 1.7911, 1.554 -0.2782 1.7911, 1.5531 -0.2602 1.7891, 1.557 -0.2608 1.7892, 1.5544 -0.2524 1.7882, 1.5582 -0.2537 1.7884, 1.5564 -0.2399 1.7837, 1.5602 -0.2405 1.7836, 1.5583 -0.2275 1.7793, 1.5624 -0.2266 1.7786, 1.5591 -0.2216 1.7754, 1.5594 -0.2192 1.7737, 1.5367 -0.3445 1.7689, 1.5405 -0.3453 1.7689, 1.5378 -0.3391 1.7723, 1.5417 -0.3399 1.7722, 1.5392 -0.333 1.7763, 1.5439 -0.3297 1.7785, 1.5419 -0.3199 1.7817, 1.5458 -0.3208 1.7819, 1.5447 -0.3064 1.7873, 1.5487 -0.3067 1.7874, 1.546 -0.2995 1.7882, 1.5509 -0.295 1.7889, 1.5499 -0.3002 1.7882, 1.5338 -0.3569 1.758, 1.531 -0.3689 1.7439, 1.5348 -0.3698 1.7439, 1.5377 -0.3573 1.7575, 1.5363 -0.3638 1.7514, 1.5317 -0.3826 1.745, 1.5292 -0.3762 1.7447, 1.5279 -0.3816 1.745, 1.5107 -0.4448 1.7177, 1.5145 -0.4459 1.7177, 1.5115 -0.4421 1.7203, 1.5153 -0.4432 1.7203, 1.5116 -0.4418 1.7206, 1.5153 -0.443 1.7205, 1.5138 -0.4341 1.7263, 1.5192 -0.4294 1.7307, 1.527 -0.4006 1.7425, 1.5232 -0.3996 1.7425, 1.5256 -0.4062 1.7417, 1.5218 -0.4052 1.7417, 1.5232 -0.4151 1.738, 1.5194 -0.4141 1.738, 1.5205 -0.425 1.7339, 1.5167 -0.4238 1.734, 1.5154 -0.4283 1.7307, 1.5029 -0.4704 1.6528, 1.5067 -0.4715 1.6528, 1.5029 -0.4703 1.6565, 1.5067 -0.4714 1.6565, 1.503 -0.4703 1.6568, 1.5067 -0.4714 1.6569, 1.5038 -0.4676 1.6737, 1.5075 -0.4688 1.6737, 1.5041 -0.4668 1.6792, 1.5078 -0.4679 1.6793, 1.5053 -0.4627 1.6892, 1.5091 -0.4638 1.6892, 1.5064 -0.459 1.6982, 1.5102 -0.4602 1.6982, 1.5074 -0.4556 1.7028, 1.5112 -0.4568 1.7028, 1.5099 -0.4475 1.5907, 1.5137 -0.4486 1.5907, 1.5071 -0.4568 1.6041, 1.5109 -0.4579 1.6041, 1.5065 -0.4587 1.6068, 1.5103 -0.4599 1.6069, 1.505 -0.4636 1.6192, 1.5088 -0.4648 1.6192, 1.5039 -0.4673 1.6285, 1.5076 -0.4685 1.6285, 1.5037 -0.468 1.6343, 1.5074 -0.4692 1.6343, 1.5222 -0.4037 1.5634, 1.526 -0.4047 1.5634, 1.5204 -0.4102 1.5655, 1.5244 -0.4107 1.5653, 1.5179 -0.4193 1.57, 1.5217 -0.4203 1.57, 1.515 -0.4298 1.5752, 1.5188 -0.4308 1.5752, 1.5138 -0.434 1.579, 1.5176 -0.4351 1.579, 1.5138 -0.4341 1.579, 1.5336 -0.3579 1.5256, 1.5352 -0.3512 1.5247, 1.539 -0.352 1.5247, 1.5381 -0.3558 1.5248, 1.5374 -0.3588 1.5254, 1.5318 -0.3653 1.5266, 1.5349 -0.3693 1.5274, 1.5311 -0.3682 1.5278, 1.5349 -0.3694 1.5275, 1.5288 -0.3777 1.5316, 1.5327 -0.3787 1.5317, 1.5288 -0.378 1.5317, 1.5322 -0.3806 1.5326, 1.5268 -0.386 1.5376, 1.5306 -0.3869 1.5376, 1.5261 -0.3887 1.5396, 1.5295 -0.3911 1.5409, 1.525 -0.393 1.5449, 1.5287 -0.3942 1.5447, 1.5238 -0.3975 1.5503, 1.5277 -0.3983 1.5499, 1.5234 -0.399 1.5535, 1.5272 -0.4 1.5535, 1.5467 -0.2964 1.5711, 1.5467 -0.2961 1.5741, 1.5506 -0.2968 1.5741, 1.5506 -0.2966 1.5746, 1.5468 -0.2954 1.5816, 1.5507 -0.2962 1.5816, 1.5462 -0.2985 1.5641, 1.5501 -0.2992 1.5641, 1.5459 -0.3004 1.5581, 1.55 -0.2998 1.5613, 1.5455 -0.3024 1.5548, 1.5494 -0.3032 1.5548, 1.5446 -0.3069 1.5471, 1.5489 -0.3056 1.55, 1.5483 -0.3084 1.5467, 1.5416 -0.3404 1.5263, 1.5378 -0.3395 1.5263, 1.5424 -0.3368 1.5268, 1.5385 -0.336 1.5268, 1.5436 -0.3313 1.5291, 1.5397 -0.3304 1.5291, 1.5449 -0.3252 1.5317, 1.541 -0.3245 1.5316, 1.5455 -0.3224 1.5337, 1.5416 -0.3216 1.5337, 1.5471 -0.3144 1.5397, 1.5432 -0.3137 1.5396, 1.5471 -0.3143 1.5398, 1.5433 -0.3135 1.5398, 1.5445 -0.3074 1.5465, 1.5468 -0.2954 1.5873, 1.5507 -0.2962 1.5873, 1.5509 -0.2951 1.5879, 1.5538 -0.2562 1.6084, 1.5637 -0.2173 1.6294, 1.5594 -0.2192 1.6281, 1.5598 -0.2168 1.6294, 1.5573 -0.2343 1.6596, 1.5612 -0.2349 1.6596, 1.5586 -0.2255 1.6445, 1.5595 -0.2192 1.6336, 1.5511 -0.2719 1.6397, 1.5506 -0.295 1.6278, 1.5441 -0.3094 1.6197, 1.548 -0.3102 1.6197, 1.5405 -0.3453 1.6386, 1.5367 -0.3444 1.6386, 1.5404 -0.346 1.6387, 1.5352 -0.3512 1.6391, 1.539 -0.352 1.6391, 1.5463 -0.3186 1.6273, 1.5424 -0.3178 1.6273, 1.5457 -0.3212 1.6296, 1.5419 -0.3204 1.6296, 1.5446 -0.3264 1.6324, 1.5408 -0.3256 1.6324, 1.5433 -0.3327 1.6356, 1.5396 -0.3313 1.6354, 1.5427 -0.3354 1.6363, 1.5388 -0.3346 1.6362, 1.5367 -0.3442 1.6386, 1.5223 -0.4031 1.6015, 1.5261 -0.4041 1.6015, 1.5231 -0.4002 1.6076, 1.5269 -0.4012 1.6076, 1.5237 -0.398 1.6122, 1.5276 -0.3986 1.6127, 1.5246 -0.3944 1.6167, 1.5284 -0.3954 1.6168, 1.526 -0.3892 1.6233, 1.5298 -0.39 1.6235, 1.5264 -0.3875 1.6246, 1.5302 -0.3885 1.6246, 1.528 -0.381 1.6295, 1.5318 -0.382 1.6296, 1.5287 -0.3782 1.6317, 1.5326 -0.3791 1.6318, 1.5302 -0.3719 1.6343, 1.5341 -0.3728 1.6344, 1.5318 -0.3653 1.6371, 1.5355 -0.3668 1.637, 1.5326 -0.3619 1.6376, 1.5365 -0.3628 1.6376, 1.5136 -0.4348 1.6424, 1.5132 -0.436 1.6539, 1.517 -0.4371 1.6539, 1.5172 -0.4365 1.6455, 1.5174 -0.4357 1.6425, 1.5136 -0.4347 1.6419, 1.5138 -0.4341 1.6401, 1.5146 -0.4315 1.6323, 1.5181 -0.4332 1.6328, 1.5182 -0.4329 1.6322, 1.5235 -0.4138 1.6079, 1.5197 -0.4128 1.6079, 1.5226 -0.4172 1.6101, 1.5189 -0.4159 1.6099, 1.5213 -0.4221 1.6155, 1.5175 -0.4209 1.6156, 1.52 -0.4266 1.6205, 1.5162 -0.4258 1.6209, 1.5197 -0.4279 1.6229, 1.5159 -0.4269 1.6228, 1.5149 -0.4302 1.6285, 1.5254 -0.3913 1.7098, 1.5262 -0.3882 1.7101, 1.53 -0.3892 1.7103, 1.5301 -0.3888 1.7104, 1.528 -0.381 1.7108, 1.5318 -0.382 1.7108, 1.5237 -0.3978 1.7077, 1.5275 -0.3989 1.7079, 1.5221 -0.4039 1.7058, 1.5268 -0.4017 1.7072, 1.5213 -0.4069 1.7039, 1.5251 -0.4079 1.7038, 1.5193 -0.4145 1.6991, 1.5239 -0.4126 1.7013, 1.523 -0.4157 1.6985, 1.5175 -0.4355 1.6658, 1.5138 -0.4341 1.6682, 1.5176 -0.4351 1.6694, 1.5138 -0.434 1.6695, 1.5182 -0.4328 1.6751, 1.5145 -0.4318 1.6751, 1.5189 -0.4304 1.6812, 1.5152 -0.4293 1.6813, 1.5195 -0.4284 1.6841, 1.5157 -0.4273 1.6841, 1.5211 -0.4227 1.6922, 1.5173 -0.4216 1.6923, 1.5211 -0.4225 1.6924, 1.5173 -0.4215 1.6924, 1.5192 -0.4149 1.6987, 1.5137 -0.4344 1.6658, 1.535 -0.3517 1.7023, 1.5389 -0.3526 1.7023, 1.5347 -0.3532 1.7031, 1.5386 -0.3537 1.7029, 1.5332 -0.3596 1.7058, 1.537 -0.3606 1.7058, 1.5315 -0.3666 1.7087, 1.5354 -0.3675 1.7087, 1.5307 -0.3701 1.7092, 1.5345 -0.371 1.7092, 1.5458 -0.3009 1.7528, 1.5466 -0.2968 1.7544, 1.5505 -0.2975 1.7545, 1.5503 -0.277 1.7569, 1.5541 -0.2777 1.7569, 1.5484 -0.2869 1.7557, 1.5523 -0.2876 1.7557, 1.5509 -0.2951 1.7548, 1.5469 -0.3153 1.7474, 1.5431 -0.3145 1.7474, 1.547 -0.3151 1.7476, 1.5496 -0.3017 1.7528, 1.5405 -0.3454 1.717, 1.5366 -0.3446 1.717, 1.541 -0.3432 1.7217, 1.5371 -0.3423 1.7217, 1.5422 -0.3376 1.7283, 1.5384 -0.3367 1.7284, 1.5437 -0.3308 1.7363, 1.5397 -0.3306 1.7357, 1.5444 -0.3274 1.7387, 1.5406 -0.3266 1.7387, 1.543 -0.3149 1.7473, 1.5623 -0.1982 1.6858, 1.5662 -0.1987 1.6858, 1.5619 -0.2015 1.7002, 1.5658 -0.202 1.7002, 1.5618 -0.2022 1.7034, 1.5657 -0.2027 1.7034, 1.5611 -0.2072 1.7134, 1.565 -0.2077 1.7134, 1.5606 -0.2111 1.7212, 1.5645 -0.2116 1.7212, 1.5602 -0.2142 1.7248, 1.5641 -0.2147 1.7248, 1.5569 -0.2616 1.7548, 1.553 -0.2609 1.7548, 1.5577 -0.2566 1.7541, 1.5539 -0.256 1.7541, 1.559 -0.2487 1.7509, 1.5551 -0.2481 1.7509, 1.5604 -0.2401 1.7474, 1.5565 -0.2395 1.7474, 1.561 -0.2361 1.7445, 1.5571 -0.2355 1.7445, 1.5626 -0.2249 1.7365, 1.5587 -0.2243 1.7365, 1.5595 -0.2192 1.7306, 1.5628 -0.1937 1.6858, 1.5668 -0.1941 1.6858, 1.5677 -0.1495 1.6414, 1.5716 -0.1499 1.6414, 1.5676 -0.15 1.646, 1.5716 -0.1502 1.646, 1.5676 -0.1504 1.6503, 1.5716 -0.1503 1.6469, 1.5675 -0.1516 1.6539, 1.5707 -0.1587 1.6677, 1.5668 -0.1583 1.6677, 1.5709 -0.1573 1.666, 1.5672 -0.1543 1.6614, 1.5711 -0.1549 1.6613, 1.5673 -0.1537 1.6604, 1.5713 -0.1528 1.6572, 1.5714 -0.152 1.654, 1.5678 -0.1855 1.6845, 1.5639 -0.185 1.6846, 1.5682 -0.1819 1.684, 1.5643 -0.1814 1.684, 1.5686 -0.1781 1.6825, 1.5647 -0.1777 1.6825, 1.5693 -0.1727 1.6802, 1.5653 -0.1723 1.6802, 1.5694 -0.1709 1.679, 1.5655 -0.1705 1.679, 1.5701 -0.1645 1.6742, 1.5662 -0.1641 1.6742, 1.5702 -0.1641 1.6739, 1.5663 -0.1637 1.674, 1.5667 -0.1591 1.6689, 1.5633 -0.1903 1.597, 1.5672 -0.1908 1.597, 1.5641 -0.1831 1.5985, 1.568 -0.1835 1.5985, 1.5646 -0.1793 1.5992, 1.5685 -0.1797 1.5992, 1.565 -0.1756 1.601, 1.5689 -0.1761 1.601, 1.5656 -0.1696 1.6039, 1.5696 -0.17 1.6039, 1.5657 -0.1686 1.6048, 1.5697 -0.169 1.6047, 1.5664 -0.1621 1.6103, 1.5703 -0.1625 1.6103, 1.5665 -0.1612 1.6111, 1.5704 -0.1616 1.6111, 1.5665 -0.161 1.6114, 1.5705 -0.1614 1.6114, 1.567 -0.1563 1.6179, 1.5709 -0.1567 1.6179, 1.5671 -0.1551 1.6196, 1.5711 -0.1554 1.6196, 1.5674 -0.1528 1.6251, 1.5713 -0.1532 1.6252, 1.5675 -0.1513 1.6288, 1.5714 -0.1516 1.629, 1.5676 -0.1508 1.6326, 1.5715 -0.1511 1.6326, 1.56 -0.2157 1.597, 1.5639 -0.2162 1.597, 1.5595 -0.2191 1.5975, 1.5634 -0.2196 1.5975, 1.5569 -0.2365 1.5799, 1.5608 -0.2371 1.5799, 1.557 -0.2359 1.5839, 1.5609 -0.2364 1.5839, 1.5571 -0.2357 1.5849, 1.561 -0.2362 1.5853, 1.5572 -0.2348 1.5871, 1.5611 -0.2354 1.5871, 1.5573 -0.234 1.5889, 1.5612 -0.2345 1.5892, 1.5574 -0.2333 1.5899, 1.5613 -0.2339 1.5899, 1.5577 -0.2314 1.5923, 1.5616 -0.232 1.5923, 1.5577 -0.2313 1.5924, 1.5616 -0.2318 1.5925, 1.5581 -0.2289 1.5942, 1.562 -0.2295 1.5942, 1.5582 -0.2279 1.595, 1.5621 -0.2284 1.5951, 1.5585 -0.226 1.5958, 1.5624 -0.2266 1.5959, 1.5588 -0.2239 1.5967, 1.5627 -0.2246 1.5967, 1.559 -0.2228 1.5969, 1.5629 -0.2234 1.5969, 1.5595 -0.2192 1.5975, 1.5593 -0.2202 1.5622, 1.5632 -0.2207 1.5622, 1.559 -0.2228 1.5628, 1.5629 -0.2233 1.5628, 1.5587 -0.2245 1.5632, 1.5626 -0.2251 1.5632, 1.5585 -0.226 1.5639, 1.5624 -0.2266 1.5639, 1.5581 -0.2285 1.5651, 1.562 -0.229 1.5651, 1.5581 -0.2289 1.5655, 1.562 -0.2295 1.5655, 1.5577 -0.2313 1.5675, 1.5616 -0.2319 1.5675, 1.5577 -0.2317 1.5679, 1.5615 -0.2323 1.5679, 1.5574 -0.2333 1.57, 1.5613 -0.2339 1.57, 1.5573 -0.234 1.5711, 1.5612 -0.2347 1.5711, 1.5572 -0.2349 1.573, 1.5611 -0.2355 1.573, 1.5571 -0.2357 1.5751, 1.5609 -0.2363 1.575, 1.557 -0.2359 1.5762, 1.5609 -0.2365 1.5762, 1.5633 -0.1903 1.5622, 1.5672 -0.1908 1.5622, 1.5595 -0.2192 1.5622, 1.5635 -0.1886 1.5622, 1.5674 -0.1891 1.5622, 1.5637 -0.1869 1.5622, 1.5676 -0.1874 1.5622, 1.569 -0.1354 1.5879, 1.5729 -0.1357 1.5879, 1.568 -0.1466 1.5781, 1.5719 -0.147 1.5781, 1.5677 -0.1489 1.576, 1.5717 -0.1492 1.5761, 1.5667 -0.159 1.5708, 1.5706 -0.1594 1.5708, 1.566 -0.1667 1.5668, 1.5699 -0.1671 1.5668, 1.5654 -0.1715 1.5657, 1.5693 -0.1719 1.5657, 1.5706 -0.1144 1.6419, 1.5746 -0.1146 1.6419, 1.5705 -0.1162 1.627, 1.5744 -0.1165 1.627, 1.5705 -0.1168 1.6222, 1.5744 -0.1171 1.6221, 1.5702 -0.1202 1.6132, 1.5741 -0.1205 1.6133, 1.57 -0.1233 1.6052, 1.5739 -0.1236 1.6052, 1.5697 -0.1261 1.6011, 1.5737 -0.1265 1.6011, 1.5664 -0.1623 1.7127, 1.5655 -0.1705 1.7165, 1.5695 -0.1709 1.7165, 1.57 -0.166 1.7148, 1.5703 -0.1626 1.7129, 1.5674 -0.1523 1.7081, 1.5716 -0.1495 1.7059, 1.5677 -0.1493 1.7057, 1.5717 -0.1485 1.7054, 1.5688 -0.1376 1.6962, 1.5727 -0.138 1.696, 1.5688 -0.1368 1.6955, 1.5729 -0.1352 1.6935, 1.5696 -0.1281 1.684, 1.5735 -0.1285 1.684, 1.5698 -0.1252 1.6802, 1.5739 -0.124 1.6777, 1.5701 -0.1213 1.6713, 1.5741 -0.1214 1.6713, 1.5704 -0.1174 1.662, 1.5743 -0.1177 1.6622, 1.5705 -0.1167 1.6572, 1.5744 -0.1169 1.6572, 1.563 -0.1925 1.7516, 1.5669 -0.193 1.7517, 1.5642 -0.1828 1.7404, 1.568 -0.1836 1.7408, 1.5645 -0.18 1.7348, 1.5684 -0.1804 1.7348, 1.5378 -0.3573 1.6025, 1.5389 -0.3526 1.6032, 1.54 -0.3477 1.6025, 1.5403 -0.3464 1.6022, 1.5408 -0.344 1.6012, 1.5414 -0.3415 1.6001, 1.5416 -0.3405 1.5993, 1.5423 -0.3372 1.5967, 1.5428 -0.3348 1.5936, 1.543 -0.3342 1.5929, 1.5432 -0.3329 1.5902, 1.5434 -0.332 1.5882, 1.5435 -0.3316 1.5865, 1.5437 -0.3309 1.5833, 1.5437 -0.331 1.5828, 1.5436 -0.3311 1.5787, 1.5436 -0.3312 1.5773, 1.5435 -0.3319 1.5748, 1.5433 -0.3326 1.5722, 1.5432 -0.3333 1.5711, 1.5428 -0.3351 1.5678, 1.5421 -0.338 1.5646, 1.5421 -0.3382 1.5644, 1.5414 -0.3412 1.5622, 1.5412 -0.3421 1.5615, 1.5407 -0.3443 1.5606, 1.5403 -0.3465 1.5597, 1.5399 -0.3478 1.5595, 1.5389 -0.3526 1.5588, 1.5377 -0.3575 1.5596, 1.5375 -0.3587 1.5598, 1.5369 -0.3612 1.5609, 1.5363 -0.3636 1.5619, 1.5353 -0.3679 1.5653, 1.5353 -0.3679 1.5653, 1.536 -0.3647 1.5628, 1.5347 -0.3703 1.5684, 1.5345 -0.3711 1.5696, 1.5342 -0.3722 1.5719, 1.534 -0.3733 1.5743, 1.5339 -0.3735 1.5755, 1.5338 -0.3742 1.5792, 1.5338 -0.3742 1.5792, 1.5338 -0.374 1.5833, 1.5338 -0.3739 1.5852, 1.534 -0.3732 1.5873, 1.5342 -0.3723 1.5903, 1.5343 -0.3719 1.5909, 1.5348 -0.37 1.5942, 1.5348 -0.3698 1.5946, 1.5354 -0.3672 1.5974, 1.5355 -0.3671 1.5975, 1.5375 -0.3586 1.6023, 1.5362 -0.364 1.5998, 1.5364 -0.3631 1.6005, 1.5369 -0.3609 1.6014, 1.5384 -0.3365 1.5967, 1.535 -0.3517 1.6032, 1.5361 -0.3468 1.6025, 1.5362 -0.3464 1.6025, 1.537 -0.3431 1.6012, 1.5373 -0.3415 1.6006, 1.5377 -0.3396 1.5992, 1.5383 -0.337 1.5974, 1.539 -0.3339 1.5937, 1.5391 -0.3336 1.5933, 1.5394 -0.332 1.5902, 1.5398 -0.3302 1.5828, 1.5396 -0.3313 1.5887, 1.5397 -0.3308 1.5865, 1.5398 -0.3302 1.5838, 1.5398 -0.3302 1.5787, 1.5398 -0.3302 1.5782, 1.5396 -0.331 1.5748, 1.5395 -0.3314 1.5731, 1.5393 -0.3324 1.5711, 1.5391 -0.3336 1.5688, 1.5389 -0.3344 1.5679, 1.5384 -0.3369 1.5649, 1.5382 -0.3374 1.5645, 1.5376 -0.3404 1.5622, 1.5374 -0.3411 1.5617, 1.5369 -0.3435 1.5607, 1.5364 -0.3457 1.5598, 1.5361 -0.3469 1.5596, 1.535 -0.3517 1.5588, 1.5339 -0.3566 1.5595, 1.5339 -0.3566 1.5595, 1.533 -0.3603 1.5609, 1.5327 -0.3616 1.5613, 1.5322 -0.3638 1.5628, 1.5317 -0.3661 1.5645, 1.5315 -0.3669 1.5654, 1.5309 -0.3694 1.5684, 1.5308 -0.3698 1.5688, 1.5304 -0.3713 1.5718, 1.5302 -0.3721 1.5735, 1.5301 -0.3725 1.5755, 1.5299 -0.3732 1.5784, 1.53 -0.3732 1.5792, 1.53 -0.3732 1.5834, 1.53 -0.3731 1.5839, 1.5301 -0.3724 1.5873, 1.5302 -0.372 1.589, 1.5305 -0.371 1.5909, 1.5308 -0.3698 1.5933, 1.5309 -0.3691 1.5941, 1.5316 -0.3665 1.5972, 1.5339 -0.3564 1.6025, 1.5337 -0.3576 1.6023, 1.5331 -0.3599 1.6014, 1.5326 -0.3623 1.6004, 1.5324 -0.3631 1.5998, 1.5317 -0.3661 1.5975
            ]
        }
        coordIndex [
            0,1,2,-1,3,4,5,-1,5,4,6,-1,5,6,7,-1,7,6,8,-1,7,8,9,-1,9,8,10,-1,9,10,11,-1,11,10,12,-1,11,12,13,-1,13,12,0,-1,13,0,14,-1,14,0,2,-1,15,16,17,-1,17,16,18,-1,17,18,19,-1,19,18,20,-1,19,20,21,-1,21,20,22,-1,21,22,23,-1,23,22,24,-1,23,24,25,-1,4,3,26,-1,26,3,25,-1,26,25,27,-1,27,25,24,-1,28,29,30,-1,16,15,31,-1,31,15,28,-1,31,28,32,-1,32,28,30,-1,30,29,33,-1,33,29,34,-1,33,34,35,-1,36,37,38,-1,38,37,39,-1,38,39,40,-1,40,39,41,-1,40,41,42,-1,42,41,43,-1,33,35,44,-1,44,35,45,-1,44,45,46,-1,46,45,47,-1,46,47,48,-1,48,47,49,-1,48,49,50,-1,50,49,51,-1,50,51,43,-1,43,51,52,-1,43,52,42,-1,53,54,55,-1,55,54,56,-1,55,56,57,-1,57,56,58,-1,57,58,59,-1,59,58,60,-1,59,60,61,-1,61,60,62,-1,61,62,63,-1,63,62,64,-1,63,64,65,-1,65,64,66,-1,65,66,67,-1,67,66,68,-1,67,68,36,-1,36,68,37,-1,69,70,71,-1,71,70,72,-1,71,72,73,-1,73,72,74,-1,73,74,75,-1,75,74,76,-1,75,76,77,-1,77,76,78,-1,77,78,79,-1,79,78,80,-1,79,80,53,-1,53,80,54,-1,81,82,83,-1,83,82,84,-1,83,84,85,-1,85,84,86,-1,85,86,87,-1,87,86,88,-1,87,88,89,-1,89,88,90,-1,89,90,91,-1,91,90,70,-1,91,70,69,-1,92,93,94,-1,94,95,92,-1,92,95,96,-1,92,96,97,-1,97,96,98,-1,97,98,99,-1,99,98,100,-1,99,100,101,-1,101,100,102,-1,101,102,103,-1,103,102,104,-1,103,104,105,-1,105,104,106,-1,105,106,107,-1,107,106,108,-1,107,108,109,-1,109,108,110,-1,109,110,111,-1,111,110,112,-1,111,112,113,-1,113,112,114,-1,113,114,81,-1,81,114,82,-1,115,116,117,-1,117,116,118,-1,118,116,119,-1,118,119,120,-1,115,117,121,-1,121,117,122,-1,121,122,123,-1,123,122,124,-1,123,124,125,-1,125,124,126,-1,125,126,127,-1,127,126,128,-1,127,128,129,-1,94,93,130,-1,130,93,131,-1,130,131,132,-1,132,131,133,-1,132,133,134,-1,134,133,135,-1,134,135,136,-1,136,135,137,-1,136,137,138,-1,138,137,139,-1,138,139,140,-1,140,139,141,-1,140,141,142,-1,142,141,143,-1,142,143,129,-1,129,143,144,-1,129,144,127,-1,145,146,119,-1,119,146,120,-1,146,145,147,-1,147,145,148,-1,147,148,149,-1,149,148,150,-1,149,150,151,-1,152,153,154,-1,154,153,149,-1,154,149,155,-1,155,149,151,-1,153,152,156,-1,153,156,157,-1,157,156,158,-1,157,158,159,-1,160,161,162,-1,162,161,163,-1,162,163,164,-1,159,158,165,-1,165,158,166,-1,165,166,167,-1,167,166,168,-1,167,168,169,-1,169,168,170,-1,169,170,171,-1,171,170,172,-1,171,172,173,-1,173,172,174,-1,173,174,160,-1,160,174,175,-1,160,175,161,-1,176,177,178,-1,178,177,179,-1,178,179,180,-1,180,179,181,-1,180,181,182,-1,182,181,183,-1,182,183,184,-1,184,183,185,-1,184,185,186,-1,186,185,187,-1,186,187,188,-1,188,187,189,-1,188,189,190,-1,190,189,191,-1,190,191,192,-1,192,191,193,-1,192,193,194,-1,194,193,195,-1,194,195,196,-1,196,195,197,-1,196,197,163,-1,163,197,164,-1,198,199,200,-1,200,201,198,-1,198,201,202,-1,198,202,203,-1,203,202,204,-1,204,202,205,-1,205,202,206,-1,205,206,207,-1,177,176,208,-1,208,176,209,-1,208,209,210,-1,210,209,211,-1,210,211,212,-1,212,211,213,-1,212,213,214,-1,214,213,215,-1,214,215,216,-1,216,215,217,-1,216,217,207,-1,207,217,218,-1,207,218,205,-1,219,220,221,-1,221,220,222,-1,222,220,223,-1,222,223,224,-1,219,221,225,-1,225,221,226,-1,225,226,227,-1,227,226,228,-1,227,228,229,-1,229,228,230,-1,229,230,231,-1,231,230,232,-1,231,232,233,-1,234,235,236,-1,236,235,237,-1,236,237,238,-1,238,237,239,-1,238,239,240,-1,240,239,241,-1,240,241,242,-1,242,241,243,-1,242,243,244,-1,244,243,245,-1,244,245,246,-1,246,245,247,-1,246,247,233,-1,233,247,248,-1,233,248,231,-1,200,199,234,-1,234,199,249,-1,234,249,235,-1,250,251,252,-1,252,251,253,-1,252,253,254,-1,254,253,255,-1,254,255,256,-1,256,255,257,-1,256,257,258,-1,258,257,259,-1,258,259,223,-1,223,259,224,-1,260,261,262,-1,263,264,265,-1,265,264,266,-1,265,266,261,-1,261,266,267,-1,261,267,262,-1,268,269,270,-1,270,269,260,-1,270,260,271,-1,271,260,262,-1,251,250,272,-1,272,250,273,-1,272,273,274,-1,274,273,275,-1,274,275,276,-1,276,275,277,-1,276,277,278,-1,278,277,279,-1,278,279,280,-1,280,279,281,-1,280,281,268,-1,268,281,282,-1,268,282,269,-1,283,284,285,-1,285,284,286,-1,285,286,287,-1,287,286,288,-1,287,288,289,-1,289,288,290,-1,289,290,291,-1,291,290,292,-1,291,292,293,-1,293,292,294,-1,264,263,295,-1,295,263,296,-1,295,296,297,-1,297,296,298,-1,297,298,299,-1,299,298,300,-1,299,300,301,-1,301,300,302,-1,301,302,303,-1,303,302,304,-1,303,304,305,-1,305,304,306,-1,305,306,294,-1,294,306,307,-1,294,307,293,-1,308,309,283,-1,283,309,284,-1,310,311,312,-1,312,311,313,-1,312,313,314,-1,314,313,315,-1,314,315,316,-1,317,318,319,-1,319,318,320,-1,319,320,321,-1,321,320,322,-1,321,322,323,-1,323,322,316,-1,323,316,324,-1,324,316,315,-1,309,308,325,-1,325,308,326,-1,325,326,327,-1,327,326,328,-1,327,328,329,-1,329,328,330,-1,329,330,331,-1,331,330,332,-1,331,332,333,-1,333,332,334,-1,333,334,335,-1,335,334,336,-1,335,336,337,-1,337,336,338,-1,337,338,317,-1,317,338,339,-1,317,339,318,-1,340,341,342,-1,342,341,343,-1,342,343,344,-1,344,343,345,-1,344,345,346,-1,346,345,347,-1,346,347,348,-1,348,347,349,-1,348,349,350,-1,350,349,351,-1,350,351,352,-1,352,351,353,-1,352,353,354,-1,354,353,355,-1,354,355,356,-1,356,355,357,-1,356,357,358,-1,358,357,359,-1,358,359,360,-1,360,359,361,-1,360,361,362,-1,362,361,363,-1,362,363,364,-1,364,363,365,-1,364,365,366,-1,366,365,367,-1,366,367,310,-1,310,367,311,-1,368,369,340,-1,340,369,341,-1,370,371,368,-1,368,371,369,-1,372,373,374,-1,374,373,375,-1,374,375,376,-1,376,375,377,-1,376,377,378,-1,378,377,379,-1,378,379,380,-1,380,379,381,-1,380,381,382,-1,382,381,383,-1,382,383,384,-1,384,383,385,-1,384,385,386,-1,386,385,387,-1,386,387,388,-1,388,387,389,-1,388,389,390,-1,390,389,391,-1,390,391,392,-1,392,391,393,-1,392,393,394,-1,394,393,395,-1,394,395,396,-1,396,395,397,-1,396,397,398,-1,398,397,371,-1,398,371,370,-1,399,400,401,-1,401,400,402,-1,401,402,403,-1,403,402,404,-1,403,404,405,-1,405,404,406,-1,405,406,407,-1,407,406,408,-1,407,408,409,-1,409,408,410,-1,409,410,411,-1,411,410,412,-1,411,412,413,-1,413,412,414,-1,413,414,415,-1,415,414,416,-1,415,416,417,-1,417,416,418,-1,417,418,419,-1,419,418,420,-1,419,420,421,-1,421,420,422,-1,421,422,423,-1,423,422,424,-1,423,424,372,-1,372,424,373,-1,425,426,427,-1,427,426,400,-1,427,400,399,-1,428,429,425,-1,425,429,426,-1,430,431,428,-1,428,431,429,-1,432,433,434,-1,434,433,435,-1,434,435,436,-1,436,435,437,-1,436,437,438,-1,438,437,439,-1,438,439,440,-1,440,439,441,-1,440,441,442,-1,442,441,443,-1,442,443,430,-1,430,443,431,-1,444,445,446,-1,446,445,447,-1,446,447,448,-1,448,447,449,-1,448,449,450,-1,450,449,451,-1,450,451,452,-1,452,451,453,-1,452,453,454,-1,454,453,455,-1,454,455,432,-1,432,455,433,-1,456,457,458,-1,458,459,456,-1,456,459,460,-1,456,460,461,-1,461,460,462,-1,461,462,463,-1,463,462,464,-1,463,464,465,-1,465,464,466,-1,465,466,467,-1,467,466,468,-1,467,468,469,-1,469,468,470,-1,469,470,471,-1,471,470,472,-1,471,472,473,-1,473,472,474,-1,473,474,475,-1,475,474,476,-1,475,476,477,-1,477,476,478,-1,477,478,444,-1,444,478,445,-1,2,1,479,-1,479,1,480,-1,479,480,481,-1,481,480,482,-1,481,482,483,-1,483,482,484,-1,483,484,457,-1,457,484,458,-1,286,284,458,-1,458,284,309,-1,309,325,458,-1,458,325,327,-1,458,327,459,-1,459,327,329,-1,459,329,460,-1,329,331,460,-1,460,331,333,-1,460,333,462,-1,462,333,335,-1,462,335,464,-1,464,335,466,-1,466,335,337,-1,466,337,468,-1,468,337,317,-1,468,317,470,-1,470,317,319,-1,470,319,472,-1,472,319,321,-1,472,321,474,-1,474,321,323,-1,474,323,476,-1,476,323,324,-1,476,324,478,-1,324,315,478,-1,478,315,313,-1,478,313,445,-1,445,313,311,-1,445,311,447,-1,447,311,367,-1,447,367,449,-1,449,367,365,-1,449,365,451,-1,451,365,363,-1,451,363,453,-1,453,363,361,-1,453,361,455,-1,361,359,455,-1,455,359,357,-1,455,357,433,-1,369,400,341,-1,341,400,426,-1,357,355,433,-1,433,355,353,-1,433,353,435,-1,435,353,351,-1,435,351,437,-1,437,351,349,-1,437,349,439,-1,439,349,347,-1,439,347,441,-1,441,347,345,-1,441,345,443,-1,443,345,343,-1,443,343,431,-1,431,343,341,-1,431,341,429,-1,429,341,426,-1,369,371,400,-1,400,371,397,-1,400,397,395,-1,395,393,400,-1,400,393,391,-1,400,391,389,-1,387,385,416,-1,385,383,416,-1,416,383,381,-1,416,381,379,-1,422,420,424,-1,424,420,375,-1,424,375,373,-1,379,377,416,-1,416,377,375,-1,416,375,418,-1,418,375,420,-1,387,416,389,-1,389,416,414,-1,389,414,412,-1,412,410,389,-1,389,410,408,-1,389,408,406,-1,406,404,389,-1,389,404,402,-1,389,402,400,-1,485,486,159,-1,159,486,487,-1,159,487,488,-1,488,489,159,-1,159,489,490,-1,159,490,491,-1,491,492,159,-1,159,492,493,-1,159,493,157,-1,157,493,494,-1,157,494,495,-1,495,496,147,-1,147,496,497,-1,147,497,146,-1,146,497,498,-1,146,498,120,-1,120,498,499,-1,120,499,118,-1,118,499,500,-1,118,500,117,-1,117,500,501,-1,117,501,122,-1,122,501,502,-1,122,502,124,-1,124,502,503,-1,124,503,126,-1,126,503,504,-1,126,504,128,-1,128,504,505,-1,128,505,129,-1,129,505,142,-1,142,505,140,-1,140,505,506,-1,140,506,138,-1,506,507,138,-1,138,507,508,-1,138,508,136,-1,136,508,509,-1,136,509,134,-1,134,509,510,-1,134,510,132,-1,132,510,511,-1,132,511,130,-1,130,511,512,-1,130,512,94,-1,94,512,513,-1,94,513,95,-1,95,513,96,-1,96,513,514,-1,96,514,98,-1,98,514,515,-1,98,515,100,-1,100,515,516,-1,100,516,102,-1,102,516,517,-1,102,517,104,-1,518,519,106,-1,104,517,106,-1,106,517,520,-1,106,520,518,-1,519,521,106,-1,106,521,522,-1,106,522,523,-1,524,525,177,-1,177,525,526,-1,526,527,177,-1,177,527,528,-1,177,528,529,-1,529,530,177,-1,177,530,531,-1,177,531,179,-1,179,531,532,-1,179,532,181,-1,181,532,533,-1,181,533,183,-1,183,533,534,-1,183,534,185,-1,185,534,535,-1,185,535,187,-1,187,535,536,-1,187,536,189,-1,167,169,537,-1,485,159,537,-1,537,159,165,-1,537,165,167,-1,169,171,537,-1,537,171,173,-1,537,173,160,-1,160,162,537,-1,537,162,164,-1,537,164,197,-1,536,538,189,-1,189,538,539,-1,189,539,191,-1,191,539,540,-1,191,540,193,-1,193,540,537,-1,193,537,195,-1,195,537,197,-1,272,274,30,-1,30,274,32,-1,32,274,276,-1,32,276,31,-1,31,276,278,-1,31,278,16,-1,16,278,280,-1,16,280,18,-1,18,280,268,-1,18,268,20,-1,20,268,270,-1,20,270,22,-1,22,270,271,-1,22,271,24,-1,24,271,262,-1,24,262,27,-1,27,262,267,-1,27,267,26,-1,26,267,266,-1,26,266,4,-1,4,266,264,-1,4,264,6,-1,6,264,295,-1,6,295,8,-1,8,295,297,-1,8,297,10,-1,10,297,299,-1,10,299,12,-1,12,299,301,-1,12,301,0,-1,0,301,303,-1,0,303,1,-1,1,303,305,-1,1,305,480,-1,480,305,294,-1,480,294,482,-1,482,294,292,-1,482,292,484,-1,484,292,290,-1,484,290,458,-1,458,290,288,-1,458,288,286,-1,82,177,84,-1,84,177,86,-1,86,177,88,-1,88,177,208,-1,88,208,90,-1,90,208,210,-1,90,210,70,-1,70,210,212,-1,70,212,72,-1,212,214,72,-1,72,214,216,-1,72,216,74,-1,74,216,207,-1,74,207,76,-1,76,207,206,-1,76,206,78,-1,78,206,202,-1,78,202,80,-1,80,202,201,-1,80,201,54,-1,54,201,200,-1,54,200,56,-1,56,200,58,-1,58,200,234,-1,58,234,60,-1,60,234,236,-1,60,236,62,-1,62,236,64,-1,64,236,238,-1,64,238,66,-1,66,238,240,-1,66,240,68,-1,68,240,242,-1,68,242,37,-1,37,242,244,-1,37,244,39,-1,39,244,246,-1,39,246,41,-1,41,246,233,-1,41,233,43,-1,43,233,232,-1,43,232,50,-1,50,232,230,-1,50,230,48,-1,48,230,228,-1,48,228,46,-1,228,226,46,-1,46,226,221,-1,46,221,44,-1,44,221,222,-1,44,222,33,-1,255,253,30,-1,30,253,251,-1,30,251,272,-1,222,224,33,-1,33,224,259,-1,33,259,30,-1,30,259,257,-1,30,257,255,-1,82,114,177,-1,177,114,112,-1,177,112,110,-1,523,524,106,-1,106,524,177,-1,106,177,108,-1,108,177,110,-1,495,147,157,-1,157,147,149,-1,157,149,153,-1,493,492,541,-1,487,486,542,-1,542,543,487,-1,487,543,544,-1,487,544,488,-1,488,544,545,-1,488,545,489,-1,489,545,490,-1,490,545,546,-1,490,546,491,-1,491,546,547,-1,491,547,492,-1,492,547,548,-1,492,548,541,-1,541,549,493,-1,493,549,550,-1,493,550,494,-1,494,550,551,-1,494,551,495,-1,500,499,552,-1,552,499,498,-1,495,551,496,-1,496,551,553,-1,496,553,497,-1,497,553,554,-1,497,554,498,-1,498,554,555,-1,498,555,552,-1,552,556,500,-1,500,556,557,-1,500,557,501,-1,501,557,558,-1,501,558,502,-1,502,558,503,-1,503,558,559,-1,503,559,504,-1,504,559,560,-1,504,560,505,-1,560,561,505,-1,505,561,562,-1,505,562,506,-1,506,562,563,-1,506,563,507,-1,507,563,564,-1,507,564,508,-1,508,564,565,-1,508,565,509,-1,509,565,566,-1,509,566,510,-1,510,566,567,-1,510,567,511,-1,511,567,568,-1,511,568,512,-1,512,568,569,-1,512,569,513,-1,513,569,570,-1,514,513,570,-1,570,571,514,-1,514,571,572,-1,514,572,515,-1,515,572,573,-1,515,573,516,-1,516,573,517,-1,517,573,574,-1,517,574,520,-1,520,574,575,-1,520,575,518,-1,575,576,518,-1,518,576,577,-1,518,577,519,-1,519,577,578,-1,519,578,521,-1,521,578,579,-1,521,579,522,-1,522,579,580,-1,522,580,523,-1,523,580,524,-1,524,580,581,-1,524,581,525,-1,525,581,582,-1,525,582,526,-1,582,583,526,-1,526,583,584,-1,526,584,527,-1,527,584,528,-1,584,585,528,-1,528,585,586,-1,528,586,529,-1,529,586,587,-1,529,587,530,-1,530,587,531,-1,531,587,588,-1,531,588,532,-1,532,588,589,-1,532,589,533,-1,589,590,533,-1,533,590,591,-1,533,591,534,-1,534,591,592,-1,542,486,593,-1,593,486,485,-1,593,485,594,-1,594,485,537,-1,594,537,595,-1,595,537,540,-1,595,540,596,-1,596,540,539,-1,596,539,597,-1,597,539,538,-1,597,538,598,-1,598,538,536,-1,598,536,592,-1,592,536,535,-1,592,535,534,-1,
        ]
    }
}
Shape{
    appearance Appearance {
        material  Material 	{
            diffuseColor 1.0 1.0 1.0
            specularColor 0.5019607843137255 0.5019607843137255 0.5019607843137255
            ambientIntensity 1.0
            transparency 0.0
            shininess 0.5
        }
    }
    geometry IndexedFaceSet {
        ccw TRUE
        solid FALSE
        coord DEF co Coordinate {
            point [
                1.5337 -0.3576 1.6023, 1.5331 -0.3599 1.6014, 1.5345 -0.3542 1.5814, 1.5326 -0.3623 1.6004, 1.5324 -0.3631 1.5998, 1.5317 -0.3661 1.5975, 1.5316 -0.3665 1.5972, 1.5309 -0.3691 1.5941, 1.5308 -0.3698 1.5933, 1.5305 -0.371 1.5909, 1.5302 -0.372 1.589, 1.5301 -0.3724 1.5873, 1.53 -0.3731 1.5839, 1.53 -0.3732 1.5834, 1.53 -0.3732 1.5792, 1.5299 -0.3732 1.5784, 1.5301 -0.3725 1.5755, 1.5302 -0.3721 1.5735, 1.5304 -0.3713 1.5718, 1.5308 -0.3698 1.5688, 1.5309 -0.3694 1.5684, 1.5315 -0.3669 1.5654, 1.5317 -0.3661 1.5645, 1.5322 -0.3638 1.5628, 1.5327 -0.3616 1.5613, 1.533 -0.3603 1.5609, 1.5339 -0.3566 1.5595, 1.5364 -0.3457 1.5598, 1.5369 -0.3435 1.5607, 1.5356 -0.3493 1.5807, 1.5374 -0.3411 1.5617, 1.5376 -0.3404 1.5622, 1.5382 -0.3374 1.5645, 1.5384 -0.3369 1.5649, 1.5389 -0.3344 1.5679, 1.5391 -0.3336 1.5688, 1.5393 -0.3324 1.5711, 1.5395 -0.3314 1.5731, 1.5396 -0.331 1.5748, 1.5398 -0.3302 1.5782, 1.5398 -0.3302 1.5787, 1.5398 -0.3302 1.5828, 1.5398 -0.3302 1.5838, 1.5397 -0.3308 1.5865, 1.5396 -0.3313 1.5887, 1.5394 -0.332 1.5902, 1.5391 -0.3336 1.5933, 1.539 -0.3339 1.5937, 1.5384 -0.3365 1.5967, 1.5383 -0.337 1.5974, 1.5377 -0.3396 1.5992, 1.5373 -0.3415 1.6006, 1.537 -0.3431 1.6012, 1.5362 -0.3464 1.6025, 1.5361 -0.3468 1.6025, 1.535 -0.3517 1.6032, 1.5339 -0.3564 1.6025, 1.5339 -0.3566 1.5595, 1.535 -0.3517 1.5588, 1.5361 -0.3469 1.5596
            ]
        }
        coordIndex [
            0,1,2,-1,1,3,2,-1,2,3,4,-1,2,4,5,-1,5,6,2,-1,2,6,7,-1,2,7,8,-1,8,9,2,-1,2,9,10,-1,2,10,11,-1,11,12,2,-1,2,12,13,-1,2,13,14,-1,14,15,2,-1,2,15,16,-1,2,16,17,-1,17,18,2,-1,2,18,19,-1,2,19,20,-1,20,21,2,-1,2,21,22,-1,2,22,23,-1,23,24,2,-1,2,24,25,-1,2,25,26,-1,27,28,29,-1,28,30,29,-1,29,30,31,-1,29,31,32,-1,32,33,29,-1,29,33,34,-1,29,34,35,-1,35,36,29,-1,29,36,37,-1,29,37,38,-1,38,39,29,-1,29,39,40,-1,29,40,41,-1,41,42,29,-1,29,42,43,-1,29,43,44,-1,44,45,29,-1,29,45,46,-1,29,46,47,-1,47,48,29,-1,29,48,49,-1,29,49,50,-1,50,51,29,-1,29,51,52,-1,29,52,53,-1,53,54,29,-1,29,54,55,-1,29,55,2,-1,2,55,56,-1,2,56,0,-1,26,57,2,-1,2,57,58,-1,2,58,29,-1,29,58,59,-1,29,59,27,-1,
        ]
    }
}